Id,Category
00000,9
00001,1
00002,1
00003,4
00004,7
00005,3
00006,2
00007,3
00008,5
00009,7
00010,10
00011,3
00012,7
00013,7
00014,7
00015,9
00016,4
00017,10
00018,4
00019,6
00020,9
00021,2
00022,4
00023,7
00024,9
00025,10
00026,3
00027,1
00028,9
00029,4
00030,7
00031,6
00032,6
00033,7
00034,8
00035,7
00036,1
00037,6
00038,6
00039,4
00040,1
00041,2
00042,7
00043,8
00044,9
00045,9
00046,4
00047,5
00048,2
00049,10
00050,7
00051,8
00052,2
00053,6
00054,6
00055,6
00056,6
00057,3
00058,1
00059,8
00060,5
00061,9
00062,3
00063,3
00064,2
00065,2
00066,5
00067,6
00068,9
00069,7
00070,1
00071,7
00072,1
00073,10
00074,10
00075,4
00076,1
00077,5
00078,6
00079,5
00080,10
00081,4
00082,2
00083,2
00084,10
00085,9
00086,2
00087,3
00088,3
00089,3
00090,6
00091,4
00092,3
00093,4
00094,2
00095,1
00096,7
00097,8
00098,10
00099,7
00100,8
00101,5
00102,3
00103,10
00104,10
00105,3
00106,9
00107,5
00108,10
00109,1
00110,3
00111,1
00112,2
00113,10
00114,4
00115,8
00116,2
00117,9
00118,3
00119,10
00120,6
00121,7
00122,6
00123,5
00124,7
00125,10
00126,1
00127,9
00128,8
00129,10
00130,7
00131,1
00132,8
00133,8
00134,9
00135,1
00136,7
00137,2
00138,6
00139,10
00140,5
00141,5
00142,8
00143,1
00144,4
00145,9
00146,10
00147,10
00148,10
00149,3
00150,6
00151,5
00152,9
00153,9
00154,1
00155,2
00156,5
00157,8
00158,9
00159,1
00160,9
00161,8
00162,5
00163,5
00164,5
00165,10
00166,9
00167,4
00168,10
00169,2
00170,4
00171,7
00172,10
00173,10
00174,2
00175,1
00176,4
00177,1
00178,3
00179,3
00180,9
00181,9
00182,5
00183,5
00184,3
00185,3
00186,3
00187,2
00188,10
00189,5
00190,9
00191,1
00192,8
00193,8
00194,1
00195,4
00196,8
00197,6
00198,1
00199,9
00200,9
00201,2
00202,3
00203,9
00204,9
00205,4
00206,8
00207,4
00208,1
00209,4
00210,4
00211,9
00212,2
00213,3
00214,6
00215,9
00216,10
00217,1
00218,4
00219,7
00220,8
00221,2
00222,3
00223,3
00224,8
00225,5
00226,3
00227,10
00228,10
00229,3
00230,4
00231,8
00232,6
00233,1
00234,10
00235,2
00236,2
00237,4
00238,9
00239,7
00240,1
00241,2
00242,1
00243,3
00244,7
00245,3
00246,7
00247,10
00248,5
00249,8
00250,3
00251,5
00252,4
00253,4
00254,3
00255,9
00256,8
00257,6
00258,3
00259,9
00260,6
00261,2
00262,8
00263,10
00264,1
00265,5
00266,6
00267,7
00268,7
00269,6
00270,9
00271,6
00272,4
00273,1
00274,3
00275,10
00276,10
00277,1
00278,4
00279,10
00280,4
00281,10
00282,8
00283,3
00284,9
00285,3
00286,2
00287,2
00288,10
00289,1
00290,2
00291,7
00292,6
00293,3
00294,9
00295,1
00296,7
00297,1
00298,8
00299,3
00300,2
00301,4
00302,5
00303,10
00304,10
00305,4
00306,2
00307,10
00308,9
00309,1
00310,2
00311,5
00312,1
00313,3
00314,9
00315,7
00316,6
00317,7
00318,3
00319,1
00320,9
00321,2
00322,3
00323,4
00324,7
00325,8
00326,2
00327,5
00328,8
00329,3
00330,1
00331,5
00332,1
00333,2
00334,9
00335,6
00336,5
00337,10
00338,8
00339,7
00340,7
00341,3
00342,7
00343,10
00344,1
00345,3
00346,8
00347,7
00348,3
00349,10
00350,4
00351,6
00352,1
00353,7
00354,9
00355,10
00356,1
00357,7
00358,7
00359,3
00360,9
00361,1
00362,7
00363,6
00364,5
00365,8
00366,7
00367,2
00368,10
00369,9
00370,4
00371,9
00372,3
00373,6
00374,8
00375,5
00376,4
00377,10
00378,5
00379,1
00380,9
00381,3
00382,4
00383,8
00384,2
00385,1
00386,4
00387,4
00388,7
00389,9
00390,8
00391,9
00392,1
00393,7
00394,9
00395,5
00396,9
00397,2
00398,4
00399,3
00400,7
00401,2
00402,2
00403,4
00404,8
00405,4
00406,2
00407,2
00408,8
00409,3
00410,5
00411,1
00412,6
00413,10
00414,8
00415,7
00416,9
00417,9
00418,2
00419,6
00420,1
00421,2
00422,7
00423,10
00424,5
00425,8
00426,9
00427,2
00428,1
00429,6
00430,2
00431,1
00432,1
00433,6
00434,2
00435,8
00436,6
00437,5
00438,9
00439,7
00440,5
00441,2
00442,7
00443,5
00444,6
00445,10
00446,3
00447,9
00448,8
00449,4
00450,6
00451,6
00452,8
00453,10
00454,9
00455,2
00456,9
00457,4
00458,9
00459,10
00460,7
00461,5
00462,7
00463,1
00464,8
00465,7
00466,5
00467,1
00468,3
00469,2
00470,2
00471,3
00472,5
00473,9
00474,6
00475,1
00476,3
00477,10
00478,6
00479,10
00480,9
00481,10
00482,2
00483,1
00484,3
00485,8
00486,7
00487,5
00488,9
00489,6
00490,3
00491,2
00492,3
00493,4
00494,10
00495,9
00496,4
00497,5
00498,4
00499,2
00500,1
00501,7
00502,6
00503,8
00504,1
00505,1
00506,2
00507,9
00508,5
00509,4
00510,8
00511,5
00512,3
00513,5
00514,7
00515,1
00516,6
00517,5
00518,9
00519,9
00520,2
00521,5
00522,4
00523,8
00524,10
00525,9
00526,9
00527,4
00528,8
00529,5
00530,7
00531,9
00532,8
00533,4
00534,6
00535,9
00536,10
00537,5
00538,5
00539,3
00540,2
00541,5
00542,3
00543,7
00544,4
00545,9
00546,9
00547,6
00548,1
00549,2
00550,1
00551,5
00552,9
00553,8
00554,2
00555,10
00556,5
00557,6
00558,1
00559,6
00560,1
00561,10
00562,4
00563,6
00564,7
00565,10
00566,10
00567,8
00568,3
00569,7
00570,2
00571,5
00572,1
00573,9
00574,1
00575,9
00576,9
00577,8
00578,3
00579,3
00580,7
00581,9
00582,7
00583,9
00584,8
00585,8
00586,5
00587,10
00588,3
00589,7
00590,7
00591,3
00592,8
00593,8
00594,5
00595,5
00596,1
00597,3
00598,3
00599,8
00600,5
00601,9
00602,2
00603,4
00604,4
00605,3
00606,5
00607,3
00608,6
00609,5
00610,9
00611,9
00612,10
00613,6
00614,9
00615,1
00616,8
00617,3
00618,9
00619,1
00620,3
00621,8
00622,9
00623,1
00624,10
00625,2
00626,8
00627,9
00628,10
00629,4
00630,1
00631,2
00632,4
00633,5
00634,9
00635,2
00636,5
00637,7
00638,8
00639,10
00640,1
00641,5
00642,6
00643,1
00644,9
00645,8
00646,3
00647,4
00648,5
00649,5
00650,5
00651,5
00652,6
00653,4
00654,9
00655,6
00656,1
00657,2
00658,10
00659,4
00660,3
00661,2
00662,2
00663,6
00664,6
00665,2
00666,2
00667,4
00668,4
00669,6
00670,5
00671,7
00672,6
00673,5
00674,10
00675,9
00676,10
00677,5
00678,3
00679,4
00680,1
00681,7
00682,2
00683,7
00684,8
00685,7
00686,8
00687,2
00688,4
00689,6
00690,1
00691,6
00692,8
00693,6
00694,9
00695,2
00696,5
00697,1
00698,6
00699,2
00700,1
00701,6
00702,7
00703,10
00704,8
00705,2
00706,10
00707,7
00708,5
00709,5
00710,1
00711,1
00712,10
00713,7
00714,3
00715,7
00716,10
00717,4
00718,4
00719,1
00720,3
00721,9
00722,7
00723,6
00724,1
00725,10
00726,6
00727,1
00728,2
00729,5
00730,5
00731,8
00732,2
00733,4
00734,1
00735,9
00736,5
00737,10
00738,9
00739,4
00740,6
00741,6
00742,7
00743,7
00744,8
00745,3
00746,8
00747,4
00748,1
00749,1
00750,4
00751,2
00752,8
00753,6
00754,1
00755,6
00756,8
00757,9
00758,5
00759,6
00760,5
00761,6
00762,9
00763,2
00764,3
00765,10
00766,8
00767,6
00768,7
00769,1
00770,5
00771,2
00772,4
00773,3
00774,9
00775,8
00776,3
00777,1
00778,4
00779,8
00780,3
00781,5
00782,3
00783,6
00784,3
00785,2
00786,6
00787,2
00788,2
00789,5
00790,6
00791,8
00792,6
00793,2
00794,8
00795,4
00796,1
00797,1
00798,4
00799,2
00800,8
00801,9
00802,7
00803,4
00804,8
00805,3
00806,10
00807,5
00808,2
00809,8
00810,5
00811,9
00812,5
00813,5
00814,9
00815,8
00816,8
00817,1
00818,1
00819,10
00820,2
00821,6
00822,6
00823,9
00824,6
00825,3
00826,5
00827,1
00828,10
00829,2
00830,9
00831,8
00832,9
00833,8
00834,8
00835,1
00836,8
00837,2
00838,10
00839,10
00840,9
00841,5
00842,8
00843,7
00844,3
00845,1
00846,6
00847,2
00848,10
00849,3
00850,10
00851,5
00852,9
00853,2
00854,7
00855,2
00856,10
00857,5
00858,5
00859,1
00860,4
00861,10
00862,2
00863,4
00864,2
00865,2
00866,7
00867,8
00868,8
00869,8
00870,1
00871,10
00872,5
00873,2
00874,6
00875,1
00876,9
00877,9
00878,5
00879,1
00880,2
00881,4
00882,1
00883,7
00884,6
00885,2
00886,8
00887,3
00888,2
00889,9
00890,4
00891,3
00892,1
00893,8
00894,8
00895,5
00896,7
00897,9
00898,4
00899,4
00900,10
00901,6
00902,7
00903,1
00904,4
00905,5
00906,2
00907,4
00908,9
00909,2
00910,2
00911,4
00912,10
00913,9
00914,5
00915,5
00916,1
00917,10
00918,9
00919,8
00920,9
00921,7
00922,4
00923,6
00924,3
00925,1
00926,5
00927,6
00928,4
00929,6
00930,7
00931,10
00932,7
00933,3
00934,1
00935,10
00936,8
00937,4
00938,7
00939,7
00940,2
00941,9
00942,9
00943,2
00944,3
00945,1
00946,1
00947,2
00948,4
00949,9
00950,6
00951,5
00952,2
00953,10
00954,6
00955,8
00956,5
00957,7
00958,2
00959,7
00960,6
00961,4
00962,2
00963,8
00964,7
00965,4
00966,10
00967,10
00968,7
00969,3
00970,10
00971,8
00972,6
00973,3
00974,5
00975,9
00976,1
00977,6
00978,10
00979,4
00980,7
00981,9
00982,5
00983,4
00984,8
00985,7
00986,8
00987,2
00988,7
00989,2
00990,5
00991,10
00992,1
00993,9
00994,10
00995,8
00996,1
00997,1
00998,3
00999,2
01000,4
01001,7
01002,9
01003,3
01004,5
01005,3
01006,3
01007,1
01008,10
01009,2
01010,9
01011,6
01012,2
01013,9
01014,3
01015,1
01016,7
01017,6
01018,4
01019,7
01020,4
01021,7
01022,6
01023,2
01024,9
01025,7
01026,8
01027,10
01028,2
01029,2
01030,6
01031,7
01032,7
01033,4
01034,3
01035,7
01036,2
01037,10
01038,1
01039,7
01040,1
01041,7
01042,10
01043,9
01044,1
01045,5
01046,8
01047,8
01048,5
01049,4
01050,1
01051,5
01052,7
01053,5
01054,1
01055,9
01056,2
01057,10
01058,8
01059,10
01060,1
01061,3
01062,8
01063,10
01064,9
01065,7
01066,5
01067,5
01068,2
01069,9
01070,1
01071,5
01072,2
01073,8
01074,1
01075,6
01076,9
01077,8
01078,3
01079,5
01080,3
01081,8
01082,9
01083,1
01084,9
01085,2
01086,7
01087,3
01088,3
01089,8
01090,4
01091,1
01092,5
01093,7
01094,1
01095,4
01096,9
01097,4
01098,3
01099,6
01100,8
01101,3
01102,5
01103,6
01104,5
01105,8
01106,3
01107,7
01108,4
01109,5
01110,2
01111,1
01112,2
01113,4
01114,2
01115,3
01116,4
01117,6
01118,4
01119,7
01120,8
01121,7
01122,8
01123,7
01124,3
01125,5
01126,1
01127,10
01128,7
01129,5
01130,1
01131,1
01132,5
01133,8
01134,4
01135,6
01136,1
01137,7
01138,9
01139,2
01140,2
01141,7
01142,8
01143,10
01144,2
01145,3
01146,9
01147,4
01148,7
01149,3
01150,4
01151,3
01152,3
01153,6
01154,3
01155,5
01156,10
01157,9
01158,8
01159,3
01160,3
01161,8
01162,10
01163,5
01164,3
01165,4
01166,4
01167,10
01168,10
01169,9
01170,7
01171,7
01172,2
01173,9
01174,4
01175,2
01176,10
01177,8
01178,4
01179,2
01180,2
01181,10
01182,10
01183,6
01184,5
01185,9
01186,2
01187,2
01188,2
01189,3
01190,1
01191,6
01192,7
01193,10
01194,10
01195,9
01196,4
01197,3
01198,7
01199,10
01200,7
01201,7
01202,8
01203,3
01204,8
01205,10
01206,1
01207,4
01208,1
01209,10
01210,8
01211,5
01212,1
01213,1
01214,2
01215,4
01216,8
01217,5
01218,7
01219,4
01220,3
01221,10
01222,7
01223,8
01224,2
01225,6
01226,4
01227,10
01228,1
01229,5
01230,2
01231,4
01232,1
01233,5
01234,8
01235,8
01236,6
01237,7
01238,6
01239,2
01240,9
01241,9
01242,8
01243,3
01244,3
01245,4
01246,8
01247,10
01248,1
01249,7
01250,1
01251,9
01252,10
01253,6
01254,3
01255,1
01256,8
01257,1
01258,2
01259,8
01260,9
01261,10
01262,9
01263,10
01264,4
01265,10
01266,3
01267,3
01268,4
01269,6
01270,4
01271,9
01272,8
01273,1
01274,2
01275,8
01276,6
01277,4
01278,7
01279,8
01280,1
01281,7
01282,6
01283,1
01284,3
01285,9
01286,1
01287,7
01288,7
01289,1
01290,9
01291,4
01292,4
01293,4
01294,2
01295,9
01296,4
01297,5
01298,7
01299,5
01300,2
01301,8
01302,4
01303,1
01304,4
01305,4
01306,8
01307,8
01308,9
01309,4
01310,7
01311,2
01312,10
01313,2
01314,1
01315,9
01316,7
01317,2
01318,7
01319,4
01320,10
01321,7
01322,5
01323,3
01324,9
01325,8
01326,10
01327,1
01328,4
01329,10
01330,10
01331,6
01332,3
01333,8
01334,5
01335,7
01336,2
01337,10
01338,9
01339,2
01340,5
01341,4
01342,2
01343,3
01344,1
01345,9
01346,7
01347,6
01348,5
01349,2
01350,7
01351,6
01352,1
01353,7
01354,10
01355,9
01356,10
01357,2
01358,5
01359,8
01360,3
01361,10
01362,8
01363,7
01364,4
01365,10
01366,7
01367,9
01368,6
01369,3
01370,3
01371,1
01372,6
01373,5
01374,7
01375,9
01376,4
01377,7
01378,7
01379,8
01380,8
01381,6
01382,10
01383,4
01384,2
01385,4
01386,5
01387,3
01388,10
01389,3
01390,2
01391,7
01392,8
01393,5
01394,2
01395,6
01396,4
01397,2
01398,1
01399,7
01400,4
01401,10
01402,9
01403,6
01404,7
01405,10
01406,7
01407,7
01408,4
01409,9
01410,6
01411,10
01412,5
01413,1
01414,6
01415,2
01416,4
01417,8
01418,5
01419,10
01420,3
01421,9
01422,8
01423,6
01424,7
01425,3
01426,7
01427,1
01428,10
01429,8
01430,4
01431,1
01432,6
01433,4
01434,4
01435,9
01436,1
01437,4
01438,8
01439,5
01440,3
01441,10
01442,8
01443,4
01444,6
01445,9
01446,5
01447,6
01448,4
01449,5
01450,8
01451,6
01452,7
01453,2
01454,4
01455,9
01456,6
01457,3
01458,9
01459,9
01460,8
01461,3
01462,2
01463,8
01464,8
01465,5
01466,4
01467,2
01468,2
01469,6
01470,2
01471,6
01472,5
01473,2
01474,3
01475,8
01476,4
01477,3
01478,5
01479,7
01480,5
01481,6
01482,6
01483,1
01484,2
01485,2
01486,8
01487,5
01488,1
01489,8
01490,4
01491,5
01492,5
01493,8
01494,5
01495,5
01496,5
01497,10
01498,10
01499,1
01500,7
01501,2
01502,4
01503,9
01504,1
01505,5
01506,9
01507,3
01508,4
01509,3
01510,6
01511,8
01512,1
01513,2
01514,4
01515,5
01516,1
01517,10
01518,9
01519,2
01520,10
01521,8
01522,6
01523,5
01524,9
01525,8
01526,10
01527,8
01528,6
01529,4
01530,3
01531,1
01532,6
01533,8
01534,2
01535,6
01536,8
01537,3
01538,4
01539,10
01540,3
01541,2
01542,10
01543,7
01544,8
01545,1
01546,2
01547,1
01548,10
01549,4
01550,7
01551,2
01552,10
01553,6
01554,9
01555,5
01556,6
01557,8
01558,1
01559,7
01560,9
01561,1
01562,10
01563,8
01564,8
01565,7
01566,2
01567,8
01568,2
01569,9
01570,5
01571,6
01572,8
01573,4
01574,10
01575,8
01576,2
01577,1
01578,10
01579,7
01580,9
01581,6
01582,10
01583,7
01584,1
01585,1
01586,7
01587,9
01588,9
01589,5
01590,2
01591,5
01592,1
01593,6
01594,3
01595,8
01596,7
01597,10
01598,10
01599,9
01600,6
01601,6
01602,8
01603,7
01604,5
01605,1
01606,10
01607,6
01608,1
01609,2
01610,8
01611,4
01612,10
01613,8
01614,3
01615,3
01616,8
01617,7
01618,4
01619,5
01620,9
01621,10
01622,9
01623,9
01624,9
01625,6
01626,5
01627,9
01628,9
01629,1
01630,6
01631,8
01632,4
01633,10
01634,4
01635,3
01636,6
01637,8
01638,5
01639,1
01640,8
01641,7
01642,2
01643,9
01644,4
01645,10
01646,4
01647,4
01648,9
01649,8
01650,7
01651,3
01652,4
01653,10
01654,9
01655,5
01656,6
01657,4
01658,2
01659,5
01660,5
01661,4
01662,4
01663,5
01664,6
01665,9
01666,2
01667,6
01668,9
01669,1
01670,10
01671,8
01672,8
01673,7
01674,7
01675,9
01676,5
01677,6
01678,7
01679,7
01680,1
01681,5
01682,10
01683,4
01684,3
01685,5
01686,6
01687,1
01688,3
01689,3
01690,9
01691,3
01692,10
01693,10
01694,4
01695,2
01696,10
01697,8
01698,8
01699,2
01700,6
01701,4
01702,9
01703,10
01704,10
01705,4
01706,5
01707,5
01708,8
01709,6
01710,3
01711,3
01712,4
01713,1
01714,6
01715,4
01716,1
01717,9
01718,10
01719,9
01720,3
01721,6
01722,4
01723,6
01724,9
01725,4
01726,9
01727,4
01728,5
01729,5
01730,7
01731,1
01732,7
01733,5
01734,6
01735,8
01736,1
01737,2
01738,3
01739,8
01740,3
01741,10
01742,5
01743,4
01744,7
01745,10
01746,8
01747,3
01748,4
01749,10
01750,2
01751,10
01752,2
01753,3
01754,7
01755,10
01756,5
01757,3
01758,8
01759,4
01760,4
01761,10
01762,8
01763,10
01764,3
01765,4
01766,10
01767,9
01768,3
01769,1
01770,2
01771,4
01772,10
01773,10
01774,5
01775,4
01776,2
01777,7
01778,7
01779,2
01780,4
01781,7
01782,7
01783,1
01784,5
01785,9
01786,3
01787,6
01788,1
01789,1
01790,2
01791,6
01792,10
01793,5
01794,10
01795,7
01796,6
01797,6
01798,7
01799,10
01800,4
01801,3
01802,9
01803,7
01804,5
01805,5
01806,7
01807,4
01808,10
01809,10
01810,10
01811,9
01812,4
01813,9
01814,1
01815,8
01816,8
01817,2
01818,9
01819,4
01820,10
01821,9
01822,8
01823,5
01824,5
01825,4
01826,6
01827,4
01828,6
01829,8
01830,8
01831,7
01832,8
01833,9
01834,5
01835,2
01836,3
01837,10
01838,9
01839,7
01840,6
01841,4
01842,7
01843,5
01844,2
01845,7
01846,1
01847,1
01848,4
01849,9
01850,4
01851,9
01852,8
01853,5
01854,1
01855,4
01856,5
01857,9
01858,4
01859,5
01860,7
01861,5
01862,5
01863,9
01864,9
01865,5
01866,4
01867,1
01868,1
01869,4
01870,8
01871,5
01872,7
01873,1
01874,8
01875,5
01876,5
01877,4
01878,7
01879,1
01880,10
01881,1
01882,1
01883,9
01884,7
01885,5
01886,3
01887,4
01888,6
01889,4
01890,9
01891,7
01892,2
01893,8
01894,9
01895,6
01896,6
01897,9
01898,7
01899,5
01900,10
01901,4
01902,9
01903,7
01904,1
01905,3
01906,3
01907,6
01908,10
01909,3
01910,6
01911,10
01912,3
01913,8
01914,4
01915,3
01916,3
01917,6
01918,7
01919,3
01920,7
01921,3
01922,6
01923,4
01924,8
01925,1
01926,3
01927,6
01928,5
01929,4
01930,9
01931,9
01932,7
01933,9
01934,6
01935,1
01936,9
01937,9
01938,8
01939,4
01940,8
01941,5
01942,1
01943,9
01944,4
01945,4
01946,6
01947,10
01948,5
01949,4
01950,8
01951,8
01952,7
01953,6
01954,10
01955,5
01956,3
01957,10
01958,8
01959,9
01960,4
01961,3
01962,7
01963,1
01964,6
01965,4
01966,4
01967,2
01968,7
01969,3
01970,3
01971,6
01972,4
01973,3
01974,1
01975,2
01976,1
01977,5
01978,7
01979,5
01980,7
01981,7
01982,8
01983,1
01984,10
01985,8
01986,8
01987,6
01988,8
01989,4
01990,6
01991,2
01992,3
01993,9
01994,5
01995,5
01996,8
01997,2
01998,3
01999,3
02000,3
02001,9
02002,9
02003,9
02004,3
02005,3
02006,4
02007,5
02008,9
02009,9
02010,1
02011,3
02012,6
02013,3
02014,6
02015,8
02016,8
02017,2
02018,7
02019,2
02020,10
02021,10
02022,3
02023,8
02024,9
02025,1
02026,1
02027,6
02028,3
02029,1
02030,2
02031,6
02032,5
02033,10
02034,2
02035,1
02036,4
02037,9
02038,6
02039,3
02040,6
02041,10
02042,5
02043,6
02044,6
02045,2
02046,5
02047,10
02048,8
02049,4
02050,8
02051,10
02052,2
02053,7
02054,3
02055,6
02056,3
02057,9
02058,2
02059,9
02060,4
02061,9
02062,4
02063,4
02064,2
02065,10
02066,2
02067,8
02068,7
02069,10
02070,3
02071,6
02072,1
02073,1
02074,8
02075,7
02076,9
02077,3
02078,8
02079,1
02080,1
02081,7
02082,2
02083,7
02084,7
02085,7
02086,10
02087,6
02088,8
02089,7
02090,8
02091,2
02092,1
02093,2
02094,7
02095,10
02096,5
02097,3
02098,10
02099,6
02100,1
02101,7
02102,9
02103,1
02104,9
02105,10
02106,5
02107,10
02108,4
02109,2
02110,5
02111,1
02112,2
02113,7
02114,8
02115,4
02116,10
02117,1
02118,2
02119,8
02120,10
02121,5
02122,4
02123,2
02124,7
02125,6
02126,10
02127,1
02128,8
02129,2
02130,10
02131,5
02132,2
02133,3
02134,6
02135,5
02136,9
02137,5
02138,8
02139,4
02140,3
02141,10
02142,1
02143,2
02144,9
02145,9
02146,2
02147,7
02148,3
02149,1
02150,2
02151,10
02152,8
02153,9
02154,1
02155,10
02156,8
02157,2
02158,3
02159,8
02160,9
02161,5
02162,9
02163,5
02164,3
02165,4
02166,8
02167,5
02168,4
02169,9
02170,3
02171,2
02172,2
02173,7
02174,10
02175,3
02176,10
02177,3
02178,1
02179,8
02180,5
02181,5
02182,4
02183,4
02184,10
02185,1
02186,6
02187,6
02188,5
02189,3
02190,8
02191,8
02192,6
02193,9
02194,7
02195,7
02196,5
02197,1
02198,1
02199,8
02200,2
02201,6
02202,7
02203,7
02204,7
02205,8
02206,4
02207,6
02208,3
02209,7
02210,2
02211,9
02212,9
02213,5
02214,5
02215,1
02216,7
02217,10
02218,3
02219,5
02220,4
02221,8
02222,6
02223,7
02224,5
02225,7
02226,4
02227,9
02228,9
02229,2
02230,4
02231,2
02232,7
02233,6
02234,6
02235,4
02236,6
02237,2
02238,8
02239,5
02240,3
02241,7
02242,1
02243,3
02244,1
02245,9
02246,5
02247,10
02248,3
02249,10
02250,7
02251,4
02252,5
02253,1
02254,6
02255,2
02256,6
02257,6
02258,2
02259,6
02260,5
02261,2
02262,9
02263,5
02264,10
02265,8
02266,3
02267,9
02268,4
02269,8
02270,9
02271,3
02272,4
02273,1
02274,2
02275,10
02276,10
02277,2
02278,8
02279,1
02280,1
02281,10
02282,8
02283,1
02284,9
02285,5
02286,7
02287,4
02288,8
02289,9
02290,7
02291,10
02292,6
02293,1
02294,9
02295,9
02296,6
02297,9
02298,5
02299,4
02300,9
02301,3
02302,8
02303,10
02304,5
02305,7
02306,10
02307,10
02308,4
02309,7
02310,4
02311,3
02312,10
02313,7
02314,4
02315,9
02316,10
02317,6
02318,10
02319,10
02320,10
02321,7
02322,3
02323,4
02324,9
02325,4
02326,5
02327,8
02328,7
02329,4
02330,10
02331,9
02332,2
02333,4
02334,2
02335,1
02336,7
02337,10
02338,9
02339,2
02340,2
02341,7
02342,2
02343,8
02344,1
02345,7
02346,1
02347,9
02348,7
02349,3
02350,1
02351,5
02352,3
02353,8
02354,5
02355,9
02356,2
02357,7
02358,3
02359,6
02360,4
02361,2
02362,8
02363,2
02364,1
02365,10
02366,9
02367,4
02368,9
02369,8
02370,6
02371,3
02372,3
02373,3
02374,4
02375,10
02376,4
02377,3
02378,3
02379,9
02380,3
02381,2
02382,9
02383,4
02384,8
02385,5
02386,5
02387,3
02388,2
02389,5
02390,7
02391,9
02392,7
02393,7
02394,2
02395,9
02396,1
02397,6
02398,4
02399,1
02400,6
02401,7
02402,10
02403,2
02404,10
02405,3
02406,9
02407,8
02408,6
02409,4
02410,1
02411,4
02412,8
02413,8
02414,10
02415,6
02416,1
02417,1
02418,5
02419,4
02420,1
02421,6
02422,10
02423,1
02424,9
02425,1
02426,4
02427,7
02428,2
02429,4
02430,5
02431,7
02432,7
02433,1
02434,7
02435,7
02436,10
02437,7
02438,2
02439,9
02440,6
02441,7
02442,2
02443,8
02444,1
02445,4
02446,2
02447,10
02448,5
02449,9
02450,10
02451,4
02452,8
02453,3
02454,9
02455,3
02456,3
02457,9
02458,5
02459,7
02460,5
02461,8
02462,1
02463,6
02464,2
02465,5
02466,7
02467,10
02468,10
02469,4
02470,10
02471,8
02472,8
02473,4
02474,9
02475,6
02476,5
02477,8
02478,1
02479,8
02480,4
02481,8
02482,4
02483,8
02484,10
02485,3
02486,7
02487,8
02488,10
02489,8
02490,6
02491,3
02492,6
02493,6
02494,5
02495,1
02496,3
02497,8
02498,9
02499,10
02500,6
02501,9
02502,9
02503,2
02504,6
02505,6
02506,2
02507,4
02508,5
02509,10
02510,3
02511,1
02512,6
02513,5
02514,4
02515,7
02516,1
02517,7
02518,3
02519,5
02520,7
02521,7
02522,1
02523,4
02524,10
02525,2
02526,5
02527,3
02528,1
02529,5
02530,2
02531,7
02532,7
02533,1
02534,2
02535,3
02536,5
02537,5
02538,7
02539,8
02540,10
02541,4
02542,1
02543,2
02544,10
02545,6
02546,5
02547,9
02548,2
02549,2
02550,7
02551,2
02552,1
02553,4
02554,3
02555,3
02556,3
02557,10
02558,7
02559,5
02560,2
02561,6
02562,6
02563,5
02564,2
02565,6
02566,9
02567,6
02568,1
02569,3
02570,1
02571,7
02572,8
02573,3
02574,1
02575,3
02576,8
02577,2
02578,2
02579,9
02580,7
02581,7
02582,10
02583,7
02584,9
02585,1
02586,2
02587,5
02588,1
02589,5
02590,1
02591,5
02592,1
02593,6
02594,6
02595,2
02596,4
02597,7
02598,6
02599,7
02600,9
02601,8
02602,9
02603,10
02604,2
02605,10
02606,8
02607,1
02608,5
02609,8
02610,3
02611,5
02612,7
02613,4
02614,10
02615,7
02616,6
02617,3
02618,1
02619,7
02620,1
02621,8
02622,10
02623,5
02624,9
02625,1
02626,3
02627,10
02628,10
02629,3
02630,2
02631,5
02632,4
02633,2
02634,5
02635,5
02636,7
02637,1
02638,4
02639,10
02640,9
02641,8
02642,4
02643,5
02644,8
02645,4
02646,1
02647,3
02648,7
02649,7
02650,2
02651,1
02652,8
02653,5
02654,7
02655,5
02656,2
02657,3
02658,8
02659,9
02660,10
02661,9
02662,6
02663,6
02664,5
02665,7
02666,7
02667,5
02668,5
02669,1
02670,8
02671,3
02672,8
02673,2
02674,2
02675,9
02676,7
02677,8
02678,5
02679,7
02680,10
02681,5
02682,2
02683,8
02684,5
02685,5
02686,4
02687,2
02688,4
02689,7
02690,7
02691,5
02692,4
02693,6
02694,4
02695,6
02696,2
02697,3
02698,7
02699,9
02700,6
02701,8
02702,4
02703,3
02704,5
02705,8
02706,7
02707,2
02708,2
02709,5
02710,10
02711,2
02712,7
02713,9
02714,8
02715,2
02716,3
02717,2
02718,9
02719,4
02720,5
02721,8
02722,8
02723,5
02724,6
02725,6
02726,2
02727,1
02728,10
02729,7
02730,9
02731,8
02732,4
02733,9
02734,5
02735,7
02736,1
02737,5
02738,5
02739,9
02740,4
02741,6
02742,6
02743,5
02744,6
02745,6
02746,10
02747,4
02748,2
02749,4
02750,1
02751,7
02752,2
02753,1
02754,3
02755,9
02756,8
02757,3
02758,4
02759,10
02760,2
02761,6
02762,2
02763,4
02764,5
02765,1
02766,8
02767,6
02768,9
02769,10
02770,7
02771,10
02772,6
02773,3
02774,3
02775,3
02776,3
02777,1
02778,3
02779,10
02780,7
02781,6
02782,10
02783,9
02784,3
02785,9
02786,2
02787,7
02788,5
02789,8
02790,1
02791,1
02792,9
02793,7
02794,6
02795,5
02796,5
02797,8
02798,3
02799,4
02800,4
02801,6
02802,5
02803,9
02804,4
02805,3
02806,2
02807,5
02808,6
02809,1
02810,5
02811,2
02812,8
02813,1
02814,9
02815,9
02816,10
02817,3
02818,3
02819,3
02820,3
02821,5
02822,4
02823,1
02824,10
02825,1
02826,5
02827,6
02828,9
02829,9
02830,2
02831,10
02832,10
02833,2
02834,9
02835,4
02836,10
02837,1
02838,2
02839,1
02840,10
02841,6
02842,2
02843,8
02844,2
02845,4
02846,5
02847,7
02848,2
02849,2
02850,2
02851,3
02852,1
02853,9
02854,3
02855,2
02856,4
02857,6
02858,7
02859,6
02860,6
02861,2
02862,3
02863,7
02864,7
02865,6
02866,1
02867,3
02868,2
02869,7
02870,1
02871,9
02872,4
02873,1
02874,3
02875,7
02876,2
02877,10
02878,1
02879,1
02880,7
02881,7
02882,9
02883,5
02884,4
02885,10
02886,6
02887,9
02888,1
02889,5
02890,1
02891,7
02892,4
02893,6
02894,7
02895,4
02896,3
02897,9
02898,3
02899,3
02900,3
02901,4
02902,2
02903,1
02904,10
02905,7
02906,5
02907,8
02908,1
02909,1
02910,10
02911,2
02912,2
02913,9
02914,9
02915,7
02916,3
02917,10
02918,7
02919,1
02920,6
02921,6
02922,1
02923,8
02924,8
02925,5
02926,8
02927,8
02928,6
02929,10
02930,5
02931,5
02932,9
02933,10
02934,2
02935,8
02936,9
02937,6
02938,6
02939,3
02940,8
02941,4
02942,9
02943,7
02944,5
02945,6
02946,4
02947,1
02948,9
02949,8
02950,7
02951,1
02952,8
02953,9
02954,9
02955,2
02956,9
02957,2
02958,1
02959,5
02960,4
02961,2
02962,7
02963,6
02964,5
02965,4
02966,1
02967,5
02968,10
02969,2
02970,8
02971,3
02972,8
02973,6
02974,10
02975,10
02976,2
02977,10
02978,1
02979,9
02980,1
02981,4
02982,6
02983,3
02984,2
02985,10
02986,9
02987,9
02988,6
02989,8
02990,3
02991,9
02992,8
02993,7
02994,4
02995,8
02996,4
02997,5
02998,4
02999,4
03000,4
03001,7
03002,7
03003,9
03004,3
03005,6
03006,9
03007,1
03008,8
03009,8
03010,2
03011,2
03012,6
03013,7
03014,6
03015,8
03016,7
03017,10
03018,1
03019,2
03020,2
03021,4
03022,1
03023,10
03024,1
03025,1
03026,1
03027,4
03028,5
03029,6
03030,10
03031,7
03032,4
03033,6
03034,8
03035,2
03036,4
03037,1
03038,7
03039,7
03040,9
03041,6
03042,4
03043,7
03044,1
03045,5
03046,3
03047,2
03048,7
03049,2
03050,9
03051,10
03052,8
03053,1
03054,7
03055,7
03056,10
03057,8
03058,7
03059,7
03060,8
03061,2
03062,8
03063,7
03064,8
03065,5
03066,8
03067,7
03068,5
03069,10
03070,3
03071,8
03072,6
03073,4
03074,5
03075,5
03076,4
03077,2
03078,2
03079,4
03080,5
03081,10
03082,8
03083,2
03084,7
03085,4
03086,10
03087,7
03088,9
03089,8
03090,9
03091,6
03092,2
03093,8
03094,3
03095,8
03096,2
03097,9
03098,7
03099,4
03100,2
03101,4
03102,1
03103,2
03104,6
03105,10
03106,6
03107,9
03108,3
03109,7
03110,1
03111,4
03112,6
03113,5
03114,6
03115,6
03116,3
03117,3
03118,4
03119,3
03120,2
03121,8
03122,6
03123,8
03124,3
03125,2
03126,9
03127,7
03128,2
03129,4
03130,4
03131,9
03132,10
03133,2
03134,5
03135,3
03136,3
03137,4
03138,1
03139,8
03140,8
03141,8
03142,9
03143,4
03144,1
03145,7
03146,7
03147,3
03148,1
03149,4
03150,7
03151,9
03152,5
03153,1
03154,4
03155,7
03156,2
03157,8
03158,6
03159,4
03160,7
03161,7
03162,9
03163,5
03164,3
03165,1
03166,7
03167,7
03168,2
03169,5
03170,4
03171,3
03172,5
03173,10
03174,5
03175,10
03176,6
03177,1
03178,4
03179,2
03180,4
03181,2
03182,2
03183,7
03184,1
03185,2
03186,1
03187,9
03188,8
03189,10
03190,8
03191,6
03192,2
03193,5
03194,10
03195,9
03196,9
03197,6
03198,7
03199,9
03200,1
03201,10
03202,4
03203,6
03204,3
03205,10
03206,8
03207,2
03208,1
03209,1
03210,7
03211,6
03212,10
03213,2
03214,1
03215,2
03216,2
03217,3
03218,4
03219,8
03220,10
03221,6
03222,6
03223,10
03224,3
03225,9
03226,10
03227,6
03228,2
03229,3
03230,10
03231,7
03232,10
03233,2
03234,8
03235,10
03236,1
03237,7
03238,5
03239,5
03240,3
03241,7
03242,3
03243,8
03244,6
03245,8
03246,9
03247,4
03248,7
03249,6
03250,1
03251,1
03252,6
03253,1
03254,4
03255,10
03256,10
03257,4
03258,7
03259,10
03260,7
03261,6
03262,9
03263,6
03264,8
03265,7
03266,5
03267,6
03268,3
03269,5
03270,1
03271,3
03272,5
03273,9
03274,2
03275,9
03276,8
03277,10
03278,5
03279,10
03280,8
03281,2
03282,8
03283,10
03284,1
03285,9
03286,6
03287,6
03288,5
03289,7
03290,2
03291,8
03292,6
03293,9
03294,10
03295,10
03296,6
03297,3
03298,9
03299,5
03300,9
03301,4
03302,4
03303,8
03304,8
03305,4
03306,9
03307,6
03308,3
03309,10
03310,10
03311,9
03312,4
03313,9
03314,5
03315,6
03316,1
03317,3
03318,6
03319,9
03320,6
03321,5
03322,7
03323,4
03324,7
03325,9
03326,5
03327,4
03328,9
03329,4
03330,1
03331,2
03332,4
03333,6
03334,6
03335,3
03336,6
03337,1
03338,10
03339,7
03340,6
03341,9
03342,9
03343,5
03344,2
03345,9
03346,7
03347,2
03348,3
03349,6
03350,2
03351,1
03352,1
03353,7
03354,10
03355,10
03356,5
03357,7
03358,5
03359,3
03360,3
03361,5
03362,10
03363,7
03364,1
03365,4
03366,5
03367,7
03368,9
03369,3
03370,8
03371,6
03372,8
03373,10
03374,7
03375,5
03376,4
03377,1
03378,4
03379,8
03380,8
03381,1
03382,10
03383,6
03384,10
03385,8
03386,5
03387,7
03388,10
03389,4
03390,7
03391,8
03392,10
03393,3
03394,4
03395,9
03396,10
03397,6
03398,1
03399,7
03400,7
03401,1
03402,10
03403,1
03404,6
03405,4
03406,10
03407,1
03408,9
03409,7
03410,2
03411,6
03412,5
03413,7
03414,10
03415,7
03416,9
03417,10
03418,3
03419,3
03420,1
03421,4
03422,4
03423,7
03424,10
03425,4
03426,2
03427,10
03428,8
03429,2
03430,4
03431,4
03432,1
03433,6
03434,2
03435,6
03436,1
03437,5
03438,9
03439,10
03440,3
03441,1
03442,2
03443,4
03444,9
03445,7
03446,4
03447,1
03448,10
03449,4
03450,2
03451,6
03452,6
03453,7
03454,9
03455,4
03456,3
03457,6
03458,3
03459,9
03460,1
03461,10
03462,1
03463,4
03464,7
03465,4
03466,4
03467,3
03468,6
03469,8
03470,2
03471,5
03472,5
03473,3
03474,10
03475,5
03476,7
03477,10
03478,5
03479,6
03480,9
03481,2
03482,7
03483,5
03484,5
03485,6
03486,1
03487,3
03488,6
03489,3
03490,10
03491,7
03492,7
03493,4
03494,1
03495,2
03496,7
03497,7
03498,3
03499,9
03500,7
03501,8
03502,2
03503,7
03504,5
03505,5
03506,7
03507,2
03508,1
03509,4
03510,6
03511,1
03512,9
03513,8
03514,5
03515,7
03516,6
03517,7
03518,2
03519,10
03520,5
03521,10
03522,2
03523,2
03524,9
03525,1
03526,10
03527,5
03528,1
03529,3
03530,6
03531,5
03532,1
03533,5
03534,6
03535,3
03536,8
03537,6
03538,6
03539,2
03540,6
03541,1
03542,10
03543,5
03544,1
03545,6
03546,1
03547,5
03548,3
03549,1
03550,2
03551,4
03552,4
03553,7
03554,1
03555,5
03556,2
03557,10
03558,8
03559,8
03560,10
03561,5
03562,3
03563,2
03564,10
03565,2
03566,6
03567,3
03568,6
03569,4
03570,8
03571,4
03572,2
03573,3
03574,6
03575,4
03576,3
03577,8
03578,5
03579,2
03580,10
03581,6
03582,3
03583,3
03584,2
03585,1
03586,1
03587,2
03588,6
03589,7
03590,3
03591,3
03592,6
03593,6
03594,6
03595,10
03596,4
03597,1
03598,6
03599,10
03600,6
03601,10
03602,5
03603,2
03604,2
03605,9
03606,10
03607,7
03608,4
03609,8
03610,8
03611,8
03612,1
03613,6
03614,1
03615,6
03616,8
03617,6
03618,7
03619,8
03620,9
03621,4
03622,1
03623,5
03624,7
03625,1
03626,5
03627,4
03628,9
03629,10
03630,6
03631,1
03632,1
03633,1
03634,4
03635,3
03636,3
03637,5
03638,2
03639,4
03640,2
03641,3
03642,6
03643,9
03644,10
03645,9
03646,7
03647,10
03648,5
03649,8
03650,9
03651,3
03652,6
03653,10
03654,10
03655,1
03656,5
03657,9
03658,8
03659,6
03660,9
03661,8
03662,2
03663,3
03664,9
03665,2
03666,2
03667,9
03668,8
03669,4
03670,4
03671,3
03672,6
03673,5
03674,3
03675,7
03676,3
03677,7
03678,4
03679,9
03680,1
03681,4
03682,4
03683,2
03684,6
03685,10
03686,6
03687,3
03688,6
03689,10
03690,1
03691,3
03692,1
03693,5
03694,4
03695,8
03696,2
03697,6
03698,6
03699,2
03700,5
03701,5
03702,4
03703,1
03704,5
03705,2
03706,2
03707,3
03708,5
03709,5
03710,10
03711,2
03712,9
03713,5
03714,8
03715,8
03716,7
03717,5
03718,3
03719,6
03720,1
03721,5
03722,5
03723,3
03724,8
03725,10
03726,8
03727,4
03728,4
03729,10
03730,3
03731,8
03732,1
03733,5
03734,1
03735,10
03736,1
03737,4
03738,3
03739,6
03740,7
03741,8
03742,4
03743,8
03744,1
03745,4
03746,9
03747,8
03748,1
03749,9
03750,1
03751,5
03752,5
03753,2
03754,1
03755,8
03756,7
03757,9
03758,6
03759,3
03760,7
03761,6
03762,1
03763,7
03764,6
03765,9
03766,4
03767,2
03768,9
03769,2
03770,1
03771,4
03772,9
03773,3
03774,7
03775,2
03776,1
03777,4
03778,7
03779,9
03780,2
03781,4
03782,6
03783,6
03784,3
03785,7
03786,4
03787,3
03788,6
03789,9
03790,9
03791,4
03792,4
03793,3
03794,3
03795,9
03796,4
03797,2
03798,1
03799,5
03800,4
03801,10
03802,1
03803,6
03804,1
03805,10
03806,5
03807,8
03808,10
03809,2
03810,3
03811,6
03812,9
03813,3
03814,6
03815,2
03816,5
03817,3
03818,4
03819,9
03820,10
03821,5
03822,6
03823,5
03824,4
03825,10
03826,9
03827,3
03828,6
03829,6
03830,9
03831,10
03832,10
03833,9
03834,6
03835,3
03836,8
03837,3
03838,1
03839,3
03840,6
03841,5
03842,8
03843,3
03844,2
03845,3
03846,7
03847,6
03848,6
03849,10
03850,9
03851,10
03852,10
03853,5
03854,6
03855,6
03856,10
03857,6
03858,6
03859,6
03860,4
03861,1
03862,9
03863,9
03864,6
03865,8
03866,10
03867,3
03868,8
03869,6
03870,2
03871,2
03872,2
03873,8
03874,5
03875,10
03876,6
03877,10
03878,1
03879,4
03880,2
03881,8
03882,6
03883,10
03884,6
03885,5
03886,1
03887,10
03888,5
03889,8
03890,7
03891,5
03892,5
03893,2
03894,6
03895,5
03896,10
03897,5
03898,1
03899,10
03900,6
03901,8
03902,2
03903,6
03904,9
03905,7
03906,7
03907,6
03908,3
03909,10
03910,4
03911,6
03912,7
03913,8
03914,2
03915,1
03916,7
03917,3
03918,10
03919,6
03920,8
03921,8
03922,1
03923,1
03924,1
03925,6
03926,8
03927,2
03928,9
03929,10
03930,5
03931,3
03932,9
03933,4
03934,2
03935,1
03936,10
03937,9
03938,5
03939,2
03940,3
03941,3
03942,7
03943,8
03944,9
03945,9
03946,7
03947,5
03948,4
03949,8
03950,1
03951,2
03952,2
03953,2
03954,3
03955,2
03956,1
03957,5
03958,5
03959,7
03960,2
03961,4
03962,5
03963,1
03964,1
03965,3
03966,2
03967,4
03968,9
03969,4
03970,10
03971,3
03972,4
03973,5
03974,10
03975,2
03976,1
03977,2
03978,3
03979,4
03980,1
03981,10
03982,2
03983,5
03984,7
03985,3
03986,2
03987,10
03988,6
03989,6
03990,4
03991,4
03992,7
03993,5
03994,9
03995,2
03996,5
03997,3
03998,2
03999,9
04000,10
04001,2
04002,8
04003,10
04004,9
04005,6
04006,5
04007,3
04008,1
04009,3
04010,7
04011,10
04012,4
04013,8
04014,5
04015,8
04016,1
04017,3
04018,9
04019,4
04020,8
04021,3
04022,10
04023,9
04024,8
04025,5
04026,2
04027,3
04028,7
04029,10
04030,6
04031,2
04032,4
04033,8
04034,5
04035,5
04036,10
04037,10
04038,7
04039,4
04040,10
04041,8
04042,1
04043,3
04044,4
04045,9
04046,6
04047,7
04048,9
04049,10
04050,10
04051,8
04052,4
04053,3
04054,5
04055,1
04056,2
04057,4
04058,3
04059,3
04060,7
04061,8
04062,10
04063,10
04064,8
04065,9
04066,9
04067,5
04068,10
04069,2
04070,4
04071,7
04072,9
04073,6
04074,1
04075,5
04076,10
04077,1
04078,1
04079,2
04080,4
04081,9
04082,1
04083,10
04084,1
04085,1
04086,5
04087,1
04088,3
04089,4
04090,10
04091,9
04092,9
04093,10
04094,1
04095,4
04096,4
04097,5
04098,2
04099,2
04100,1
04101,5
04102,8
04103,10
04104,9
04105,4
04106,2
04107,7
04108,2
04109,10
04110,1
04111,3
04112,5
04113,10
04114,9
04115,6
04116,3
04117,6
04118,3
04119,7
04120,10
04121,8
04122,6
04123,6
04124,6
04125,10
04126,4
04127,1
04128,6
04129,1
04130,8
04131,7
04132,2
04133,1
04134,6
04135,5
04136,1
04137,8
04138,1
04139,2
04140,1
04141,9
04142,7
04143,4
04144,6
04145,3
04146,2
04147,7
04148,7
04149,5
04150,6
04151,1
04152,4
04153,9
04154,10
04155,8
04156,6
04157,1
04158,7
04159,7
04160,1
04161,4
04162,6
04163,5
04164,3
04165,2
04166,7
04167,7
04168,1
04169,4
04170,3
04171,3
04172,6
04173,7
04174,1
04175,1
04176,7
04177,9
04178,7
04179,10
04180,4
04181,5
04182,5
04183,3
04184,9
04185,7
04186,5
04187,1
04188,2
04189,5
04190,10
04191,10
04192,3
04193,7
04194,7
04195,5
04196,2
04197,7
04198,10
04199,1
04200,6
04201,1
04202,6
04203,9
04204,5
04205,5
04206,9
04207,1
04208,9
04209,8
04210,3
04211,5
04212,5
04213,9
04214,3
04215,3
04216,5
04217,9
04218,9
04219,6
04220,10
04221,9
04222,9
04223,3
04224,5
04225,9
04226,8
04227,7
04228,3
04229,6
04230,7
04231,6
04232,10
04233,10
04234,1
04235,7
04236,2
04237,7
04238,4
04239,10
04240,1
04241,1
04242,7
04243,10
04244,8
04245,1
04246,9
04247,10
04248,9
04249,1
04250,3
04251,1
04252,2
04253,1
04254,2
04255,8
04256,1
04257,10
04258,5
04259,6
04260,3
04261,9
04262,8
04263,9
04264,4
04265,1
04266,6
04267,1
04268,4
04269,6
04270,9
04271,3
04272,8
04273,3
04274,7
04275,2
04276,5
04277,4
04278,9
04279,2
04280,3
04281,1
04282,7
04283,5
04284,8
04285,7
04286,7
04287,7
04288,2
04289,10
04290,10
04291,3
04292,5
04293,8
04294,4
04295,6
04296,2
04297,6
04298,2
04299,1
04300,1
04301,8
04302,3
04303,1
04304,5
04305,10
04306,9
04307,5
04308,9
04309,3
04310,2
04311,9
04312,1
04313,4
04314,5
04315,3
04316,10
04317,3
04318,5
04319,8
04320,4
04321,1
04322,5
04323,4
04324,7
04325,2
04326,6
04327,10
04328,3
04329,1
04330,3
04331,9
04332,8
04333,7
04334,3
04335,10
04336,7
04337,6
04338,7
04339,1
04340,3
04341,5
04342,10
04343,9
04344,8
04345,6
04346,1
04347,1
04348,4
04349,7
04350,5
04351,7
04352,6
04353,5
04354,8
04355,5
04356,9
04357,6
04358,1
04359,7
04360,5
04361,8
04362,2
04363,8
04364,5
04365,8
04366,3
04367,7
04368,4
04369,4
04370,1
04371,6
04372,9
04373,10
04374,8
04375,10
04376,6
04377,5
04378,1
04379,1
04380,9
04381,2
04382,3
04383,7
04384,1
04385,5
04386,2
04387,4
04388,2
04389,10
04390,9
04391,5
04392,5
04393,8
04394,10
04395,1
04396,9
04397,9
04398,8
04399,2
04400,7
04401,7
04402,7
04403,6
04404,1
04405,9
04406,9
04407,6
04408,10
04409,3
04410,8
04411,8
04412,10
04413,4
04414,7
04415,4
04416,1
04417,6
04418,7
04419,10
04420,10
04421,9
04422,8
04423,9
04424,1
04425,8
04426,6
04427,9
04428,7
04429,3
04430,7
04431,5
04432,7
04433,8
04434,6
04435,3
04436,8
04437,6
04438,8
04439,4
04440,5
04441,3
04442,3
04443,3
04444,4
04445,5
04446,3
04447,5
04448,4
04449,6
04450,4
04451,2
04452,9
04453,6
04454,1
04455,4
04456,2
04457,9
04458,3
04459,8
04460,2
04461,3
04462,5
04463,9
04464,6
04465,9
04466,3
04467,4
04468,3
04469,4
04470,3
04471,8
04472,7
04473,5
04474,8
04475,4
04476,3
04477,7
04478,7
04479,3
04480,2
04481,2
04482,7
04483,10
04484,7
04485,4
04486,6
04487,7
04488,4
04489,3
04490,8
04491,10
04492,8
04493,4
04494,5
04495,10
04496,6
04497,10
04498,4
04499,10
04500,2
04501,2
04502,2
04503,2
04504,5
04505,1
04506,9
04507,4
04508,7
04509,5
04510,4
04511,5
04512,9
04513,9
04514,1
04515,10
04516,9
04517,10
04518,4
04519,10
04520,3
04521,7
04522,8
04523,5
04524,2
04525,8
04526,6
04527,4
04528,5
04529,6
04530,1
04531,7
04532,8
04533,1
04534,6
04535,4
04536,3
04537,7
04538,10
04539,9
04540,1
04541,6
04542,9
04543,8
04544,7
04545,4
04546,9
04547,1
04548,7
04549,2
04550,4
04551,8
04552,8
04553,4
04554,3
04555,7
04556,10
04557,1
04558,7
04559,1
04560,8
04561,3
04562,8
04563,9
04564,3
04565,8
04566,3
04567,8
04568,5
04569,5
04570,7
04571,3
04572,10
04573,4
04574,4
04575,3
04576,7
04577,6
04578,10
04579,6
04580,7
04581,4
04582,7
04583,2
04584,9
04585,8
04586,3
04587,8
04588,9
04589,8
04590,4
04591,2
04592,7
04593,7
04594,5
04595,9
04596,1
04597,3
04598,7
04599,3
04600,10
04601,8
04602,10
04603,8
04604,6
04605,4
04606,9
04607,7
04608,2
04609,10
04610,3
04611,2
04612,9
04613,9
04614,6
04615,8
04616,2
04617,3
04618,7
04619,6
04620,2
04621,1
04622,7
04623,2
04624,4
04625,5
04626,7
04627,3
04628,2
04629,7
04630,2
04631,5
04632,10
04633,2
04634,4
04635,8
04636,8
04637,3
04638,8
04639,8
04640,5
04641,6
04642,10
04643,2
04644,7
04645,4
04646,9
04647,7
04648,2
04649,6
04650,8
04651,9
04652,3
04653,3
04654,10
04655,4
04656,1
04657,6
04658,9
04659,1
04660,4
04661,6
04662,5
04663,4
04664,2
04665,9
04666,1
04667,6
04668,10
04669,10
04670,3
04671,10
04672,8
04673,1
04674,9
04675,9
04676,2
04677,4
04678,3
04679,8
04680,8
04681,10
04682,10
04683,7
04684,7
04685,5
04686,6
04687,7
04688,3
04689,2
04690,9
04691,10
04692,2
04693,7
04694,5
04695,7
04696,3
04697,9
04698,10
04699,1
04700,8
04701,1
04702,9
04703,3
04704,1
04705,2
04706,5
04707,6
04708,5
04709,5
04710,8
04711,1
04712,7
04713,5
04714,10
04715,6
04716,8
04717,6
04718,4
04719,10
04720,7
04721,3
04722,3
04723,4
04724,5
04725,1
04726,8
04727,6
04728,1
04729,10
04730,5
04731,9
04732,10
04733,6
04734,3
04735,7
04736,10
04737,1
04738,10
04739,3
04740,7
04741,5
04742,6
04743,7
04744,10
04745,1
04746,8
04747,8
04748,7
04749,6
04750,9
04751,6
04752,5
04753,10
04754,1
04755,7
04756,8
04757,9
04758,3
04759,6
04760,3
04761,7
04762,10
04763,1
04764,3
04765,7
04766,3
04767,8
04768,8
04769,2
04770,10
04771,1
04772,8
04773,10
04774,2
04775,10
04776,2
04777,8
04778,1
04779,1
04780,4
04781,6
04782,1
04783,9
04784,6
04785,7
04786,2
04787,2
04788,10
04789,3
04790,4
04791,9
04792,3
04793,10
04794,5
04795,3
04796,6
04797,9
04798,1
04799,6
04800,6
04801,8
04802,5
04803,4
04804,8
04805,4
04806,2
04807,9
04808,5
04809,7
04810,9
04811,3
04812,6
04813,6
04814,1
04815,6
04816,7
04817,8
04818,3
04819,3
04820,7
04821,4
04822,2
04823,3
04824,2
04825,3
04826,4
04827,1
04828,3
04829,4
04830,4
04831,5
04832,6
04833,9
04834,4
04835,6
04836,7
04837,3
04838,9
04839,2
04840,9
04841,3
04842,5
04843,4
04844,1
04845,4
04846,8
04847,9
04848,6
04849,4
04850,3
04851,3
04852,8
04853,10
04854,1
04855,10
04856,6
04857,1
04858,9
04859,10
04860,8
04861,6
04862,8
04863,6
04864,6
04865,3
04866,2
04867,9
04868,2
04869,2
04870,5
04871,2
04872,1
04873,6
04874,2
04875,9
04876,8
04877,6
04878,5
04879,10
04880,10
04881,8
04882,3
04883,10
04884,10
04885,4
04886,6
04887,9
04888,7
04889,3
04890,7
04891,5
04892,1
04893,2
04894,1
04895,2
04896,3
04897,2
04898,9
04899,3
04900,4
04901,8
04902,1
04903,5
04904,5
04905,5
04906,8
04907,7
04908,7
04909,1
04910,10
04911,6
04912,9
04913,4
04914,5
04915,4
04916,8
04917,10
04918,5
04919,9
04920,2
04921,6
04922,6
04923,7
04924,5
04925,8
04926,5
04927,7
04928,6
04929,7
04930,10
04931,9
04932,4
04933,10
04934,2
04935,10
04936,6
04937,8
04938,2
04939,2
04940,7
04941,5
04942,10
04943,2
04944,9
04945,7
04946,8
04947,8
04948,6
04949,2
04950,8
04951,10
04952,2
04953,6
04954,6
04955,6
04956,8
04957,4
04958,8
04959,1
04960,4
04961,10
04962,1
04963,5
04964,6
04965,1
04966,9
04967,10
04968,7
04969,7
04970,4
04971,8
04972,1
04973,8
04974,5
04975,4
04976,10
04977,1
04978,8
04979,4
04980,4
04981,6
04982,1
04983,3
04984,8
04985,6
04986,4
04987,8
04988,9
04989,5
04990,4
04991,1
04992,4
04993,1
04994,8
04995,1
04996,5
04997,3
04998,3
04999,8
05000,2
05001,4
05002,4
05003,8
05004,9
05005,4
05006,2
05007,7
05008,2
05009,10
05010,10
05011,9
05012,9
05013,8
05014,9
05015,1
05016,6
05017,10
05018,5
05019,9
05020,7
05021,8
05022,6
05023,8
05024,1
05025,2
05026,9
05027,1
05028,2
05029,5
05030,1
05031,10
05032,6
05033,9
05034,7
05035,9
05036,10
05037,6
05038,8
05039,9
05040,7
05041,10
05042,7
05043,1
05044,8
05045,5
05046,7
05047,4
05048,2
05049,7
05050,7
05051,2
05052,3
05053,4
05054,8
05055,4
05056,7
05057,8
05058,1
05059,5
05060,8
05061,5
05062,4
05063,1
05064,4
05065,1
05066,1
05067,1
05068,1
05069,10
05070,2
05071,4
05072,8
05073,7
05074,1
05075,2
05076,8
05077,6
05078,7
05079,5
05080,9
05081,4
05082,6
05083,5
05084,4
05085,5
05086,6
05087,3
05088,6
05089,9
05090,10
05091,3
05092,3
05093,6
05094,3
05095,9
05096,6
05097,7
05098,6
05099,3
05100,4
05101,4
05102,6
05103,4
05104,4
05105,2
05106,8
05107,6
05108,8
05109,6
05110,7
05111,10
05112,4
05113,7
05114,1
05115,5
05116,5
05117,10
05118,6
05119,2
05120,5
05121,3
05122,9
05123,5
05124,5
05125,7
05126,7
05127,4
05128,6
05129,10
05130,5
05131,7
05132,8
05133,9
05134,10
05135,6
05136,8
05137,7
05138,6
05139,7
05140,10
05141,7
05142,1
05143,2
05144,9
05145,3
05146,6
05147,1
05148,6
05149,9
05150,2
05151,9
05152,2
05153,1
05154,4
05155,1
05156,10
05157,7
05158,10
05159,3
05160,9
05161,1
05162,5
05163,10
05164,3
05165,1
05166,3
05167,1
05168,5
05169,7
05170,8
05171,9
05172,3
05173,1
05174,7
05175,3
05176,10
05177,4
05178,7
05179,6
05180,5
05181,1
05182,6
05183,9
05184,6
05185,9
05186,5
05187,7
05188,10
05189,10
05190,4
05191,6
05192,9
05193,7
05194,4
05195,2
05196,4
05197,8
05198,5
05199,1
05200,10
05201,9
05202,10
05203,2
05204,9
05205,5
05206,9
05207,5
05208,10
05209,7
05210,6
05211,1
05212,5
05213,8
05214,8
05215,7
05216,3
05217,2
05218,8
05219,9
05220,1
05221,9
05222,6
05223,2
05224,1
05225,4
05226,8
05227,3
05228,3
05229,6
05230,9
05231,8
05232,5
05233,8
05234,1
05235,1
05236,8
05237,6
05238,2
05239,6
05240,1
05241,8
05242,4
05243,9
05244,10
05245,1
05246,10
05247,6
05248,1
05249,5
05250,2
05251,9
05252,6
05253,8
05254,9
05255,8
05256,9
05257,6
05258,2
05259,5
05260,6
05261,6
05262,9
05263,8
05264,3
05265,6
05266,8
05267,10
05268,8
05269,5
05270,3
05271,10
05272,2
05273,8
05274,5
05275,6
05276,3
05277,6
05278,8
05279,2
05280,2
05281,10
05282,3
05283,2
05284,4
05285,5
05286,10
05287,10
05288,4
05289,8
05290,7
05291,6
05292,3
05293,5
05294,2
05295,5
05296,10
05297,10
05298,6
05299,9
05300,1
05301,5
05302,5
05303,8
05304,9
05305,9
05306,1
05307,4
05308,6
05309,9
05310,9
05311,10
05312,3
05313,8
05314,2
05315,6
05316,1
05317,6
05318,10
05319,6
05320,2
05321,9
05322,5
05323,4
05324,8
05325,2
05326,1
05327,9
05328,5
05329,9
05330,1
05331,4
05332,1
05333,4
05334,6
05335,4
05336,5
05337,9
05338,7
05339,6
05340,2
05341,8
05342,5
05343,8
05344,3
05345,6
05346,10
05347,9
05348,5
05349,10
05350,3
05351,8
05352,4
05353,5
05354,5
05355,7
05356,5
05357,10
05358,1
05359,9
05360,9
05361,5
05362,4
05363,9
05364,4
05365,6
05366,7
05367,5
05368,3
05369,1
05370,2
05371,2
05372,9
05373,3
05374,2
05375,8
05376,5
05377,6
05378,6
05379,5
05380,1
05381,2
05382,2
05383,8
05384,7
05385,7
05386,1
05387,2
05388,3
05389,3
05390,4
05391,2
05392,6
05393,8
05394,9
05395,10
05396,3
05397,6
05398,4
05399,2
05400,4
05401,9
05402,8
05403,10
05404,8
05405,4
05406,9
05407,3
05408,2
05409,3
05410,7
05411,10
05412,8
05413,3
05414,10
05415,3
05416,10
05417,5
05418,8
05419,7
05420,9
05421,3
05422,6
05423,1
05424,9
05425,5
05426,3
05427,2
05428,1
05429,6
05430,3
05431,3
05432,10
05433,8
05434,7
05435,8
05436,4
05437,10
05438,6
05439,7
05440,1
05441,5
05442,2
05443,6
05444,10
05445,4
05446,8
05447,8
05448,1
05449,1
05450,9
05451,6
05452,7
05453,7
05454,9
05455,8
05456,1
05457,7
05458,4
05459,3
05460,7
05461,3
05462,3
05463,9
05464,2
05465,6
05466,3
05467,8
05468,9
05469,5
05470,7
05471,4
05472,7
05473,10
05474,9
05475,2
05476,2
05477,10
05478,1
05479,10
05480,7
05481,5
05482,4
05483,4
05484,5
05485,8
05486,8
05487,3
05488,9
05489,1
05490,9
05491,5
05492,7
05493,8
05494,1
05495,6
05496,3
05497,4
05498,2
05499,5
05500,2
05501,8
05502,10
05503,6
05504,9
05505,2
05506,2
05507,1
05508,4
05509,3
05510,2
05511,4
05512,4
05513,4
05514,6
05515,10
05516,6
05517,3
05518,9
05519,3
05520,5
05521,1
05522,5
05523,1
05524,5
05525,1
05526,7
05527,10
05528,2
05529,1
05530,4
05531,4
05532,8
05533,5
05534,9
05535,3
05536,5
05537,10
05538,2
05539,6
05540,1
05541,2
05542,4
05543,9
05544,2
05545,3
05546,4
05547,10
05548,9
05549,2
05550,7
05551,2
05552,7
05553,3
05554,10
05555,2
05556,5
05557,2
05558,2
05559,2
05560,3
05561,4
05562,5
05563,6
05564,3
05565,9
05566,6
05567,7
05568,8
05569,5
05570,7
05571,2
05572,6
05573,3
05574,5
05575,6
05576,1
05577,10
05578,2
05579,4
05580,9
05581,4
05582,1
05583,1
05584,1
05585,3
05586,2
05587,1
05588,4
05589,8
05590,1
05591,5
05592,6
05593,3
05594,1
05595,1
05596,8
05597,2
05598,8
05599,6
05600,3
05601,8
05602,7
05603,6
05604,7
05605,10
05606,7
05607,1
05608,6
05609,2
05610,2
05611,5
05612,9
05613,5
05614,1
05615,7
05616,2
05617,8
05618,1
05619,1
05620,3
05621,2
05622,4
05623,5
05624,6
05625,4
05626,5
05627,9
05628,5
05629,3
05630,2
05631,10
05632,6
05633,3
05634,4
05635,8
05636,5
05637,9
05638,6
05639,8
05640,8
05641,7
05642,8
05643,7
05644,9
05645,10
05646,3
05647,10
05648,4
05649,8
05650,3
05651,9
05652,1
05653,7
05654,6
05655,10
05656,8
05657,9
05658,1
05659,8
05660,2
05661,6
05662,7
05663,5
05664,3
05665,4
05666,6
05667,3
05668,10
05669,8
05670,1
05671,7
05672,4
05673,5
05674,9
05675,4
05676,5
05677,7
05678,2
05679,2
05680,2
05681,8
05682,7
05683,1
05684,4
05685,8
05686,1
05687,2
05688,10
05689,5
05690,3
05691,8
05692,3
05693,3
05694,9
05695,6
05696,10
05697,6
05698,10
05699,9
05700,3
05701,5
05702,2
05703,5
05704,10
05705,9
05706,3
05707,6
05708,7
05709,9
05710,5
05711,1
05712,5
05713,2
05714,9
05715,3
05716,9
05717,1
05718,5
05719,4
05720,2
05721,5
05722,7
05723,7
05724,8
05725,6
05726,7
05727,6
05728,2
05729,9
05730,2
05731,7
05732,1
05733,3
05734,3
05735,3
05736,4
05737,9
05738,10
05739,9
05740,8
05741,2
05742,4
05743,9
05744,6
05745,5
05746,2
05747,3
05748,8
05749,2
05750,8
05751,2
05752,6
05753,8
05754,6
05755,1
05756,7
05757,7
05758,5
05759,4
05760,10
05761,4
05762,6
05763,4
05764,8
05765,8
05766,6
05767,2
05768,2
05769,2
05770,10
05771,7
05772,1
05773,7
05774,10
05775,1
05776,1
05777,1
05778,9
05779,2
05780,7
05781,1
05782,2
05783,6
05784,7
05785,8
05786,10
05787,1
05788,7
05789,8
05790,3
05791,9
05792,1
05793,1
05794,5
05795,5
05796,4
05797,6
05798,5
05799,7
05800,8
05801,3
05802,1
05803,5
05804,8
05805,1
05806,8
05807,9
05808,6
05809,3
05810,1
05811,8
05812,9
05813,8
05814,8
05815,3
05816,10
05817,1
05818,4
05819,6
05820,9
05821,4
05822,10
05823,9
05824,4
05825,3
05826,9
05827,5
05828,8
05829,5
05830,9
05831,6
05832,9
05833,6
05834,2
05835,5
05836,5
05837,3
05838,10
05839,1
05840,7
05841,8
05842,5
05843,7
05844,5
05845,4
05846,7
05847,5
05848,5
05849,5
05850,3
05851,7
05852,4
05853,4
05854,3
05855,2
05856,5
05857,1
05858,10
05859,5
05860,1
05861,9
05862,5
05863,6
05864,9
05865,1
05866,3
05867,4
05868,3
05869,1
05870,4
05871,7
05872,3
05873,4
05874,9
05875,5
05876,6
05877,8
05878,1
05879,4
05880,3
05881,10
05882,9
05883,2
05884,6
05885,2
05886,3
05887,10
05888,9
05889,9
05890,1
05891,7
05892,4
05893,9
05894,8
05895,7
05896,10
05897,4
05898,5
05899,9
05900,3
05901,3
05902,2
05903,9
05904,9
05905,5
05906,10
05907,10
05908,3
05909,1
05910,8
05911,10
05912,3
05913,9
05914,1
05915,6
05916,6
05917,7
05918,8
05919,7
05920,7
05921,8
05922,4
05923,2
05924,9
05925,8
05926,9
05927,9
05928,9
05929,4
05930,6
05931,1
05932,5
05933,4
05934,2
05935,4
05936,2
05937,5
05938,6
05939,9
05940,10
05941,2
05942,6
05943,4
05944,7
05945,3
05946,1
05947,7
05948,7
05949,8
05950,10
05951,7
05952,10
05953,3
05954,6
05955,3
05956,2
05957,2
05958,5
05959,4
05960,6
05961,3
05962,2
05963,10
05964,10
05965,5
05966,5
05967,5
05968,8
05969,3
05970,1
05971,8
05972,2
05973,6
05974,10
05975,3
05976,3
05977,9
05978,5
05979,10
05980,8
05981,1
05982,10
05983,5
05984,2
05985,1
05986,3
05987,10
05988,9
05989,5
05990,10
05991,7
05992,10
05993,10
05994,6
05995,9
05996,10
05997,9
05998,8
05999,10
06000,4
06001,9
06002,7
06003,10
06004,2
06005,4
06006,3
06007,1
06008,10
06009,4
06010,8
06011,9
06012,8
06013,4
06014,8
06015,8
06016,5
06017,1
06018,4
06019,9
06020,6
06021,8
06022,5
06023,1
06024,3
06025,3
06026,10
06027,1
06028,6
06029,3
06030,1
06031,9
06032,8
06033,1
06034,2
06035,3
06036,1
06037,10
06038,6
06039,2
06040,2
06041,9
06042,10
06043,3
06044,8
06045,4
06046,4
06047,7
06048,3
06049,7
06050,7
06051,6
06052,4
06053,6
06054,4
06055,2
06056,1
06057,2
06058,1
06059,7
06060,4
06061,7
06062,8
06063,8
06064,4
06065,5
06066,9
06067,7
06068,6
06069,7
06070,5
06071,6
06072,7
06073,9
06074,9
06075,1
06076,6
06077,6
06078,7
06079,7
06080,2
06081,4
06082,4
06083,7
06084,3
06085,10
06086,2
06087,9
06088,7
06089,7
06090,4
06091,5
06092,5
06093,7
06094,10
06095,2
06096,2
06097,8
06098,10
06099,2
06100,9
06101,1
06102,6
06103,7
06104,10
06105,10
06106,4
06107,9
06108,9
06109,1
06110,10
06111,7
06112,4
06113,9
06114,7
06115,9
06116,9
06117,1
06118,5
06119,9
06120,10
06121,8
06122,5
06123,2
06124,10
06125,6
06126,5
06127,10
06128,2
06129,10
06130,3
06131,8
06132,10
06133,7
06134,5
06135,1
06136,9
06137,6
06138,10
06139,10
06140,1
06141,8
06142,1
06143,2
06144,2
06145,2
06146,6
06147,4
06148,8
06149,10
06150,8
06151,2
06152,6
06153,5
06154,9
06155,2
06156,2
06157,3
06158,5
06159,5
06160,4
06161,8
06162,10
06163,5
06164,6
06165,10
06166,6
06167,4
06168,4
06169,5
06170,2
06171,4
06172,1
06173,9
06174,4
06175,7
06176,9
06177,2
06178,4
06179,7
06180,9
06181,8
06182,4
06183,10
06184,7
06185,9
06186,5
06187,5
06188,7
06189,3
06190,8
06191,10
06192,5
06193,5
06194,3
06195,10
06196,7
06197,2
06198,10
06199,2
06200,1
06201,4
06202,3
06203,10
06204,8
06205,8
06206,2
06207,8
06208,4
06209,10
06210,8
06211,6
06212,6
06213,6
06214,2
06215,7
06216,10
06217,9
06218,4
06219,4
06220,1
06221,10
06222,7
06223,10
06224,3
06225,10
06226,5
06227,6
06228,4
06229,4
06230,2
06231,10
06232,9
06233,9
06234,9
06235,4
06236,1
06237,2
06238,4
06239,3
06240,4
06241,7
06242,4
06243,9
06244,9
06245,10
06246,1
06247,3
06248,1
06249,8
06250,6
06251,6
06252,8
06253,10
06254,8
06255,10
06256,4
06257,6
06258,9
06259,1
06260,3
06261,8
06262,6
06263,10
06264,1
06265,1
06266,7
06267,8
06268,2
06269,9
06270,2
06271,10
06272,4
06273,3
06274,3
06275,2
06276,3
06277,7
06278,2
06279,6
06280,5
06281,9
06282,10
06283,9
06284,2
06285,8
06286,2
06287,6
06288,5
06289,10
06290,5
06291,6
06292,4
06293,2
06294,2
06295,6
06296,6
06297,4
06298,8
06299,1
06300,1
06301,3
06302,8
06303,3
06304,6
06305,8
06306,10
06307,6
06308,3
06309,8
06310,5
06311,1
06312,4
06313,5
06314,5
06315,8
06316,3
06317,2
06318,5
06319,1
06320,5
06321,7
06322,10
06323,6
06324,8
06325,6
06326,1
06327,4
06328,10
06329,6
06330,1
06331,2
06332,5
06333,3
06334,4
06335,4
06336,8
06337,8
06338,2
06339,8
06340,4
06341,2
06342,9
06343,9
06344,8
06345,2
06346,10
06347,4
06348,5
06349,6
06350,2
06351,8
06352,2
06353,2
06354,10
06355,5
06356,1
06357,5
06358,4
06359,7
06360,5
06361,1
06362,8
06363,10
06364,8
06365,4
06366,10
06367,7
06368,2
06369,6
06370,8
06371,1
06372,8
06373,2
06374,8
06375,10
06376,9
06377,6
06378,1
06379,10
06380,1
06381,8
06382,2
06383,3
06384,10
06385,7
06386,8
06387,4
06388,5
06389,5
06390,4
06391,4
06392,1
06393,10
06394,9
06395,8
06396,2
06397,4
06398,4
06399,6
06400,1
06401,4
06402,2
06403,1
06404,10
06405,10
06406,5
06407,7
06408,2
06409,10
06410,1
06411,6
06412,7
06413,3
06414,9
06415,4
06416,5
06417,10
06418,6
06419,1
06420,2
06421,8
06422,10
06423,6
06424,3
06425,7
06426,4
06427,3
06428,5
06429,1
06430,10
06431,6
06432,7
06433,6
06434,6
06435,9
06436,4
06437,5
06438,8
06439,9
06440,2
06441,2
06442,8
06443,10
06444,3
06445,8
06446,3
06447,2
06448,5
06449,7
06450,4
06451,2
06452,2
06453,5
06454,2
06455,5
06456,6
06457,5
06458,5
06459,7
06460,1
06461,7
06462,4
06463,5
06464,4
06465,7
06466,8
06467,8
06468,5
06469,8
06470,8
06471,1
06472,6
06473,1
06474,10
06475,5
06476,2
06477,3
06478,1
06479,2
06480,3
06481,3
06482,7
06483,3
06484,4
06485,7
06486,10
06487,2
06488,4
06489,8
06490,6
06491,3
06492,3
06493,6
06494,8
06495,3
06496,6
06497,7
06498,3
06499,3
06500,10
06501,7
06502,3
06503,3
06504,1
06505,6
06506,6
06507,4
06508,4
06509,7
06510,10
06511,9
06512,7
06513,3
06514,9
06515,4
06516,5
06517,10
06518,2
06519,7
06520,8
06521,4
06522,4
06523,5
06524,8
06525,4
06526,6
06527,6
06528,6
06529,9
06530,8
06531,6
06532,8
06533,6
06534,6
06535,9
06536,10
06537,9
06538,9
06539,4
06540,4
06541,9
06542,6
06543,5
06544,8
06545,5
06546,8
06547,1
06548,2
06549,3
06550,3
06551,4
06552,8
06553,5
06554,6
06555,10
06556,10
06557,3
06558,4
06559,10
06560,6
06561,8
06562,7
06563,9
06564,5
06565,3
06566,5
06567,10
06568,6
06569,9
06570,2
06571,4
06572,8
06573,6
06574,8
06575,8
06576,1
06577,1
06578,8
06579,9
06580,9
06581,5
06582,3
06583,1
06584,10
06585,2
06586,9
06587,10
06588,7
06589,3
06590,8
06591,2
06592,5
06593,7
06594,8
06595,1
06596,10
06597,2
06598,6
06599,3
06600,6
06601,4
06602,9
06603,2
06604,5
06605,5
06606,9
06607,2
06608,3
06609,1
06610,8
06611,8
06612,4
06613,10
06614,3
06615,3
06616,9
06617,3
06618,1
06619,4
06620,6
06621,6
06622,3
06623,9
06624,8
06625,5
06626,4
06627,7
06628,4
06629,4
06630,1
06631,5
06632,6
06633,10
06634,8
06635,9
06636,7
06637,7
06638,9
06639,7
06640,6
06641,10
06642,7
06643,3
06644,6
06645,9
06646,8
06647,4
06648,10
06649,10
06650,2
06651,9
06652,6
06653,2
06654,4
06655,4
06656,9
06657,10
06658,3
06659,8
06660,1
06661,1
06662,6
06663,8
06664,1
06665,9
06666,1
06667,1
06668,1
06669,5
06670,2
06671,3
06672,7
06673,8
06674,1
06675,10
06676,2
06677,1
06678,7
06679,8
06680,1
06681,6
06682,2
06683,8
06684,4
06685,5
06686,9
06687,10
06688,8
06689,10
06690,8
06691,10
06692,9
06693,7
06694,5
06695,2
06696,10
06697,2
06698,8
06699,10
06700,2
06701,3
06702,10
06703,4
06704,7
06705,3
06706,7
06707,3
06708,5
06709,10
06710,8
06711,4
06712,5
06713,1
06714,5
06715,1
06716,6
06717,9
06718,1
06719,5
06720,8
06721,3
06722,1
06723,7
06724,3
06725,9
06726,2
06727,7
06728,5
06729,6
06730,10
06731,3
06732,4
06733,1
06734,5
06735,7
06736,9
06737,4
06738,4
06739,2
06740,2
06741,9
06742,5
06743,1
06744,6
06745,9
06746,7
06747,1
06748,10
06749,4
06750,7
06751,3
06752,7
06753,10
06754,7
06755,7
06756,6
06757,6
06758,5
06759,8
06760,10
06761,8
06762,3
06763,1
06764,7
06765,2
06766,1
06767,8
06768,5
06769,10
06770,4
06771,10
06772,5
06773,3
06774,4
06775,9
06776,4
06777,4
06778,8
06779,7
06780,4
06781,6
06782,6
06783,9
06784,9
06785,7
06786,10
06787,8
06788,6
06789,8
06790,6
06791,1
06792,4
06793,7
06794,4
06795,7
06796,10
06797,2
06798,4
06799,10
06800,10
06801,9
06802,9
06803,9
06804,7
06805,10
06806,8
06807,6
06808,10
06809,3
06810,2
06811,5
06812,10
06813,3
06814,4
06815,1
06816,8
06817,5
06818,9
06819,5
06820,8
06821,2
06822,10
06823,7
06824,5
06825,2
06826,5
06827,10
06828,7
06829,7
06830,2
06831,3
06832,10
06833,7
06834,7
06835,4
06836,8
06837,7
06838,3
06839,6
06840,6
06841,6
06842,2
06843,3
06844,8
06845,4
06846,4
06847,10
06848,6
06849,10
06850,9
06851,7
06852,7
06853,4
06854,7
06855,5
06856,8
06857,3
06858,7
06859,3
06860,8
06861,6
06862,7
06863,5
06864,2
06865,8
06866,2
06867,2
06868,4
06869,10
06870,5
06871,7
06872,2
06873,6
06874,2
06875,6
06876,8
06877,7
06878,3
06879,3
06880,4
06881,1
06882,6
06883,2
06884,6
06885,5
06886,1
06887,10
06888,4
06889,3
06890,4
06891,2
06892,6
06893,3
06894,1
06895,7
06896,8
06897,8
06898,10
06899,3
06900,7
06901,10
06902,7
06903,6
06904,9
06905,10
06906,9
06907,2
06908,2
06909,3
06910,8
06911,6
06912,8
06913,9
06914,8
06915,6
06916,9
06917,8
06918,1
06919,9
06920,10
06921,10
06922,10
06923,1
06924,3
06925,7
06926,9
06927,2
06928,4
06929,3
06930,2
06931,5
06932,8
06933,7
06934,8
06935,1
06936,4
06937,10
06938,3
06939,2
06940,3
06941,5
06942,3
06943,1
06944,8
06945,5
06946,8
06947,5
06948,3
06949,10
06950,2
06951,10
06952,4
06953,8
06954,3
06955,5
06956,3
06957,9
06958,7
06959,10
06960,8
06961,6
06962,1
06963,8
06964,6
06965,8
06966,8
06967,4
06968,3
06969,7
06970,5
06971,3
06972,1
06973,9
06974,5
06975,10
06976,8
06977,9
06978,6
06979,5
06980,4
06981,4
06982,9
06983,5
06984,9
06985,4
06986,7
06987,7
06988,2
06989,6
06990,6
06991,5
06992,8
06993,2
06994,7
06995,6
06996,4
06997,2
06998,9
06999,3
07000,1
07001,6
07002,5
07003,10
07004,7
07005,2
07006,2
07007,5
07008,4
07009,7
07010,1
07011,5
07012,6
07013,2
07014,2
07015,2
07016,3
07017,9
07018,4
07019,7
07020,4
07021,7
07022,7
07023,8
07024,9
07025,9
07026,2
07027,1
07028,5
07029,9
07030,5
07031,10
07032,9
07033,1
07034,3
07035,2
07036,10
07037,5
07038,4
07039,2
07040,4
07041,4
07042,4
07043,4
07044,1
07045,1
07046,8
07047,1
07048,5
07049,7
07050,9
07051,3
07052,2
07053,6
07054,4
07055,5
07056,1
07057,9
07058,6
07059,9
07060,7
07061,8
07062,1
07063,3
07064,10
07065,4
07066,10
07067,10
07068,10
07069,4
07070,1
07071,6
07072,2
07073,8
07074,1
07075,5
07076,3
07077,5
07078,3
07079,3
07080,10
07081,7
07082,2
07083,8
07084,7
07085,1
07086,10
07087,8
07088,5
07089,5
07090,8
07091,3
07092,2
07093,10
07094,7
07095,9
07096,2
07097,6
07098,1
07099,1
07100,2
07101,8
07102,4
07103,9
07104,1
07105,8
07106,4
07107,4
07108,3
07109,3
07110,4
07111,6
07112,9
07113,6
07114,1
07115,9
07116,4
07117,3
07118,9
07119,8
07120,1
07121,5
07122,6
07123,3
07124,10
07125,7
07126,10
07127,7
07128,1
07129,9
07130,3
07131,8
07132,2
07133,7
07134,8
07135,1
07136,2
07137,4
07138,8
07139,10
07140,1
07141,10
07142,9
07143,6
07144,2
07145,8
07146,6
07147,8
07148,8
07149,1
07150,3
07151,3
07152,5
07153,4
07154,3
07155,2
07156,6
07157,2
07158,10
07159,1
07160,10
07161,4
07162,8
07163,3
07164,1
07165,1
07166,1
07167,7
07168,2
07169,9
07170,2
07171,8
07172,2
07173,6
07174,6
07175,6
07176,6
07177,2
07178,5
07179,10
07180,5
07181,1
07182,10
07183,7
07184,9
07185,5
07186,3
07187,3
07188,10
07189,9
07190,10
07191,8
07192,7
07193,10
07194,5
07195,10
07196,8
07197,2
07198,5
07199,9
07200,1
07201,8
07202,3
07203,8
07204,1
07205,5
07206,5
07207,4
07208,3
07209,9
07210,4
07211,1
07212,10
07213,5
07214,5
07215,5
07216,2
07217,5
07218,9
07219,5
07220,9
07221,6
07222,5
07223,6
07224,10
07225,10
07226,8
07227,3
07228,4
07229,8
07230,7
07231,7
07232,10
07233,1
07234,4
07235,3
07236,3
07237,3
07238,9
07239,5
07240,2
07241,3
07242,2
07243,10
07244,6
07245,3
07246,4
07247,6
07248,9
07249,7
07250,7
07251,1
07252,6
07253,10
07254,4
07255,10
07256,1
07257,5
07258,3
07259,5
07260,4
07261,9
07262,5
07263,6
07264,6
07265,7
07266,10
07267,9
07268,1
07269,5
07270,2
07271,6
07272,2
07273,1
07274,2
07275,7
07276,2
07277,8
07278,3
07279,8
07280,10
07281,6
07282,5
07283,8
07284,9
07285,9
07286,6
07287,4
07288,8
07289,8
07290,3
07291,9
07292,9
07293,2
07294,6
07295,3
07296,3
07297,2
07298,5
07299,6
07300,2
07301,2
07302,6
07303,3
07304,3
07305,3
07306,3
07307,3
07308,1
07309,6
07310,2
07311,3
07312,2
07313,2
07314,10
07315,4
07316,3
07317,2
07318,9
07319,7
07320,10
07321,6
07322,8
07323,3
07324,8
07325,10
07326,3
07327,10
07328,6
07329,8
07330,9
07331,7
07332,10
07333,8
07334,9
07335,3
07336,3
07337,8
07338,9
07339,10
07340,9
07341,2
07342,9
07343,3
07344,4
07345,4
07346,10
07347,6
07348,2
07349,7
07350,1
07351,4
07352,3
07353,9
07354,9
07355,4
07356,1
07357,10
07358,9
07359,1
07360,8
07361,10
07362,2
07363,9
07364,7
07365,9
07366,4
07367,10
07368,1
07369,2
07370,7
07371,8
07372,8
07373,1
07374,9
07375,1
07376,1
07377,9
07378,2
07379,5
07380,1
07381,9
07382,3
07383,6
07384,9
07385,6
07386,5
07387,9
07388,2
07389,9
07390,8
07391,4
07392,1
07393,8
07394,6
07395,1
07396,5
07397,3
07398,9
07399,7
07400,7
07401,10
07402,7
07403,7
07404,8
07405,10
07406,7
07407,8
07408,3
07409,7
07410,3
07411,1
07412,8
07413,8
07414,6
07415,5
07416,3
07417,10
07418,8
07419,10
07420,4
07421,2
07422,1
07423,2
07424,5
07425,2
07426,3
07427,6
07428,6
07429,4
07430,6
07431,3
07432,4
07433,1
07434,2
07435,1
07436,3
07437,8
07438,5
07439,10
07440,9
07441,9
07442,5
07443,3
07444,2
07445,2
07446,3
07447,5
07448,2
07449,10
07450,9
07451,1
07452,7
07453,2
07454,10
07455,9
07456,10
07457,9
07458,3
07459,4
07460,8
07461,7
07462,7
07463,1
07464,9
07465,2
07466,3
07467,10
07468,5
07469,6
07470,10
07471,7
07472,1
07473,2
07474,4
07475,2
07476,2
07477,9
07478,5
07479,5
07480,2
07481,8
07482,5
07483,4
07484,4
07485,2
07486,4
07487,1
07488,6
07489,1
07490,10
07491,1
07492,10
07493,1
07494,4
07495,2
07496,4
07497,10
07498,9
07499,5
07500,9
07501,8
07502,10
07503,9
07504,5
07505,1
07506,6
07507,1
07508,5
07509,7
07510,8
07511,1
07512,7
07513,1
07514,7
07515,10
07516,7
07517,2
07518,3
07519,10
07520,5
07521,3
07522,2
07523,4
07524,7
07525,2
07526,2
07527,9
07528,5
07529,4
07530,7
07531,2
07532,4
07533,5
07534,5
07535,4
07536,7
07537,10
07538,4
07539,2
07540,1
07541,8
07542,2
07543,2
07544,6
07545,1
07546,5
07547,4
07548,4
07549,6
07550,6
07551,4
07552,3
07553,3
07554,3
07555,5
07556,10
07557,6
07558,1
07559,10
07560,4
07561,3
07562,1
07563,8
07564,3
07565,4
07566,2
07567,8
07568,9
07569,1
07570,9
07571,9
07572,10
07573,2
07574,1
07575,10
07576,8
07577,5
07578,7
07579,7
07580,1
07581,5
07582,9
07583,7
07584,6
07585,4
07586,3
07587,10
07588,10
07589,4
07590,1
07591,2
07592,3
07593,6
07594,3
07595,6
07596,8
07597,9
07598,7
07599,7
07600,5
07601,1
07602,9
07603,2
07604,3
07605,1
07606,10
07607,3
07608,7
07609,6
07610,3
07611,8
07612,4
07613,6
07614,2
07615,5
07616,1
07617,8
07618,6
07619,3
07620,7
07621,8
07622,8
07623,3
07624,1
07625,3
07626,6
07627,2
07628,6
07629,1
07630,5
07631,1
07632,5
07633,5
07634,4
07635,6
07636,8
07637,5
07638,7
07639,1
07640,10
07641,9
07642,2
07643,1
07644,1
07645,3
07646,5
07647,4
07648,3
07649,4
07650,6
07651,1
07652,3
07653,1
07654,6
07655,6
07656,4
07657,1
07658,3
07659,9
07660,5
07661,3
07662,3
07663,1
07664,7
07665,5
07666,9
07667,9
07668,1
07669,8
07670,6
07671,6
07672,2
07673,7
07674,6
07675,4
07676,10
07677,10
07678,2
07679,10
07680,8
07681,4
07682,3
07683,4
07684,5
07685,8
07686,5
07687,9
07688,1
07689,8
07690,1
07691,7
07692,5
07693,6
07694,7
07695,6
07696,9
07697,8
07698,4
07699,4
07700,3
07701,8
07702,9
07703,1
07704,8
07705,5
07706,4
07707,5
07708,8
07709,3
07710,9
07711,4
07712,4
07713,10
07714,6
07715,10
07716,9
07717,7
07718,6
07719,5
07720,5
07721,4
07722,3
07723,8
07724,10
07725,9
07726,6
07727,6
07728,1
07729,6
07730,10
07731,5
07732,5
07733,3
07734,5
07735,7
07736,10
07737,7
07738,9
07739,3
07740,6
07741,3
07742,1
07743,2
07744,10
07745,8
07746,2
07747,4
07748,8
07749,9
07750,7
07751,9
07752,9
07753,6
07754,9
07755,10
07756,8
07757,1
07758,2
07759,8
07760,6
07761,7
07762,6
07763,7
07764,7
07765,7
07766,9
07767,8
07768,9
07769,4
07770,5
07771,7
07772,4
07773,9
07774,6
07775,1
07776,1
07777,10
07778,7
07779,4
07780,8
07781,7
07782,3
07783,7
07784,8
07785,8
07786,5
07787,4
07788,4
07789,7
07790,8
07791,2
07792,3
07793,7
07794,9
07795,5
07796,5
07797,4
07798,2
07799,3
07800,2
07801,2
07802,5
07803,3
07804,9
07805,4
07806,4
07807,4
07808,8
07809,4
07810,8
07811,1
07812,2
07813,5
07814,7
07815,1
07816,5
07817,6
07818,6
07819,1
07820,5
07821,6
07822,5
07823,3
07824,7
07825,4
07826,3
07827,10
07828,5
07829,7
07830,1
07831,8
07832,10
07833,10
07834,5
07835,9
07836,9
07837,3
07838,1
07839,1
07840,6
07841,3
07842,1
07843,9
07844,5
07845,3
07846,9
07847,5
07848,5
07849,8
07850,2
07851,10
07852,4
07853,1
07854,1
07855,3
07856,10
07857,6
07858,7
07859,10
07860,9
07861,2
07862,5
07863,8
07864,1
07865,8
07866,1
07867,4
07868,10
07869,8
07870,4
07871,7
07872,3
07873,10
07874,9
07875,8
07876,7
07877,7
07878,6
07879,6
07880,8
07881,7
07882,1
07883,6
07884,7
07885,9
07886,6
07887,2
07888,7
07889,10
07890,10
07891,4
07892,8
07893,6
07894,6
07895,2
07896,8
07897,3
07898,4
07899,10
07900,3
07901,7
07902,3
07903,9
07904,3
07905,2
07906,1
07907,3
07908,7
07909,7
07910,5
07911,7
07912,4
07913,5
07914,8
07915,2
07916,7
07917,10
07918,10
07919,2
07920,1
07921,3
07922,3
07923,9
07924,9
07925,6
07926,3
07927,10
07928,6
07929,2
07930,6
07931,8
07932,9
07933,1
07934,8
07935,9
07936,1
07937,9
07938,4
07939,3
07940,2
07941,8
07942,1
07943,7
07944,8
07945,7
07946,4
07947,8
07948,4
07949,10
07950,10
07951,4
07952,5
07953,5
07954,1
07955,10
07956,6
07957,1
07958,6
07959,6
07960,1
07961,5
07962,1
07963,3
07964,8
07965,5
07966,1
07967,8
07968,6
07969,1
07970,8
07971,5
07972,7
07973,6
07974,7
07975,9
07976,9
07977,8
07978,6
07979,3
07980,2
07981,9
07982,1
07983,9
07984,2
07985,8
07986,10
07987,6
07988,9
07989,4
07990,5
07991,4
07992,4
07993,4
07994,4
07995,9
07996,1
07997,9
07998,5
07999,4
08000,10
08001,9
08002,10
08003,9
08004,7
08005,10
08006,5
08007,7
08008,10
08009,10
08010,5
08011,4
08012,8
08013,2
08014,3
08015,9
08016,4
08017,8
08018,1
08019,8
08020,9
08021,2
08022,7
08023,9
08024,8
08025,8
08026,8
08027,6
08028,3
08029,5
08030,10
08031,8
08032,6
08033,8
08034,1
08035,3
08036,8
08037,5
08038,8
08039,10
08040,5
08041,4
08042,2
08043,3
08044,8
08045,2
08046,1
08047,7
08048,10
08049,5
08050,8
08051,4
08052,5
08053,10
08054,2
08055,9
08056,9
08057,3
08058,6
08059,6
08060,3
08061,7
08062,7
08063,8
08064,2
08065,8
08066,3
08067,5
08068,2
08069,4
08070,7
08071,10
08072,1
08073,10
08074,7
08075,7
08076,3
08077,1
08078,10
08079,1
08080,1
08081,1
08082,9
08083,2
08084,3
08085,6
08086,6
08087,7
08088,1
08089,3
08090,9
08091,10
08092,2
08093,8
08094,7
08095,4
08096,10
08097,9
08098,6
08099,5
08100,9
08101,10
08102,1
08103,3
08104,5
08105,4
08106,10
08107,2
08108,10
08109,8
08110,8
08111,2
08112,3
08113,1
08114,1
08115,3
08116,6
08117,2
08118,3
08119,8
08120,9
08121,7
08122,4
08123,5
08124,5
08125,4
08126,2
08127,10
08128,2
08129,2
08130,6
08131,10
08132,6
08133,5
08134,10
08135,3
08136,6
08137,4
08138,1
08139,3
08140,10
08141,8
08142,4
08143,2
08144,1
08145,10
08146,1
08147,3
08148,7
08149,9
08150,8
08151,10
08152,5
08153,6
08154,3
08155,3
08156,10
08157,3
08158,9
08159,8
08160,10
08161,10
08162,6
08163,8
08164,7
08165,3
08166,6
08167,9
08168,2
08169,3
08170,5
08171,7
08172,8
08173,7
08174,3
08175,9
08176,4
08177,1
08178,7
08179,4
08180,6
08181,4
08182,8
08183,5
08184,4
08185,1
08186,2
08187,1
08188,10
08189,10
08190,7
08191,8
08192,9
08193,3
08194,5
08195,3
08196,10
08197,7
08198,2
08199,5
08200,3
08201,5
08202,8
08203,8
08204,4
08205,4
08206,4
08207,7
08208,6
08209,8
08210,1
08211,1
08212,7
08213,6
08214,9
08215,9
08216,2
08217,10
08218,9
08219,10
08220,6
08221,10
08222,9
08223,6
08224,3
08225,6
08226,1
08227,6
08228,3
08229,7
08230,7
08231,6
08232,4
08233,7
08234,7
08235,1
08236,7
08237,3
08238,3
08239,4
08240,10
08241,3
08242,2
08243,3
08244,4
08245,6
08246,9
08247,10
08248,6
08249,6
08250,2
08251,6
08252,3
08253,3
08254,7
08255,7
08256,9
08257,7
08258,3
08259,2
08260,9
08261,4
08262,10
08263,1
08264,10
08265,10
08266,3
08267,1
08268,4
08269,8
08270,4
08271,6
08272,4
08273,4
08274,1
08275,5
08276,1
08277,1
08278,3
08279,9
08280,6
08281,1
08282,3
08283,7
08284,4
08285,5
08286,3
08287,4
08288,6
08289,7
08290,10
08291,2
08292,6
08293,8
08294,6
08295,7
08296,1
08297,4
08298,6
08299,2
08300,9
08301,9
08302,4
08303,3
08304,5
08305,1
08306,10
08307,7
08308,10
08309,2
08310,8
08311,3
08312,6
08313,7
08314,2
08315,10
08316,8
08317,9
08318,5
08319,3
08320,7
08321,9
08322,6
08323,5
08324,3
08325,5
08326,8
08327,7
08328,3
08329,7
08330,2
08331,7
08332,9
08333,5
08334,2
08335,4
08336,6
08337,5
08338,8
08339,3
08340,6
08341,1
08342,1
08343,5
08344,2
08345,5
08346,9
08347,10
08348,7
08349,9
08350,5
08351,7
08352,6
08353,2
08354,5
08355,8
08356,9
08357,3
08358,3
08359,5
08360,7
08361,9
08362,5
08363,4
08364,10
08365,4
08366,7
08367,3
08368,3
08369,8
08370,6
08371,9
08372,7
08373,6
08374,6
08375,5
08376,1
08377,9
08378,10
08379,4
08380,3
08381,4
08382,9
08383,3
08384,2
08385,2
08386,5
08387,9
08388,6
08389,8
08390,2
08391,10
08392,3
08393,4
08394,8
08395,1
08396,6
08397,3
08398,10
08399,9
08400,2
08401,9
08402,1
08403,3
08404,6
08405,2
08406,1
08407,8
08408,1
08409,8
08410,1
08411,9
08412,6
08413,6
08414,5
08415,9
08416,1
08417,9
08418,2
08419,1
08420,3
08421,2
08422,4
08423,2
08424,7
08425,1
08426,1
08427,8
08428,2
08429,2
08430,6
08431,9
08432,8
08433,1
08434,8
08435,8
08436,4
08437,6
08438,9
08439,3
08440,6
08441,5
08442,2
08443,8
08444,7
08445,2
08446,4
08447,3
08448,3
08449,1
08450,7
08451,8
08452,7
08453,9
08454,3
08455,10
08456,5
08457,1
08458,1
08459,3
08460,10
08461,8
08462,8
08463,9
08464,3
08465,1
08466,10
08467,2
08468,1
08469,8
08470,6
08471,4
08472,4
08473,2
08474,6
08475,6
08476,2
08477,8
08478,3
08479,2
08480,4
08481,1
08482,10
08483,5
08484,10
08485,10
08486,8
08487,6
08488,8
08489,3
08490,1
08491,8
08492,9
08493,10
08494,3
08495,6
08496,10
08497,2
08498,3
08499,5
08500,1
08501,10
08502,5
08503,4
08504,6
08505,7
08506,2
08507,6
08508,7
08509,1
08510,9
08511,10
08512,2
08513,9
08514,2
08515,8
08516,1
08517,5
08518,8
08519,10
08520,10
08521,1
08522,1
08523,6
08524,6
08525,3
08526,8
08527,7
08528,5
08529,9
08530,10
08531,2
08532,9
08533,9
08534,6
08535,10
08536,4
08537,3
08538,4
08539,10
08540,10
08541,9
08542,5
08543,7
08544,4
08545,8
08546,5
08547,5
08548,1
08549,3
08550,5
08551,5
08552,4
08553,6
08554,2
08555,4
08556,9
08557,10
08558,5
08559,1
08560,7
08561,3
08562,3
08563,9
08564,2
08565,10
08566,9
08567,1
08568,3
08569,9
08570,8
08571,6
08572,5
08573,8
08574,7
08575,3
08576,7
08577,3
08578,8
08579,4
08580,2
08581,5
08582,7
08583,9
08584,8
08585,3
08586,1
08587,2
08588,9
08589,5
08590,3
08591,6
08592,4
08593,7
08594,6
08595,4
08596,10
08597,9
08598,5
08599,9
08600,5
08601,8
08602,10
08603,7
08604,3
08605,3
08606,3
08607,7
08608,8
08609,6
08610,6
08611,6
08612,2
08613,2
08614,9
08615,1
08616,8
08617,3
08618,5
08619,5
08620,8
08621,6
08622,7
08623,7
08624,4
08625,9
08626,8
08627,3
08628,3
08629,9
08630,2
08631,7
08632,10
08633,6
08634,1
08635,4
08636,9
08637,6
08638,2
08639,4
08640,9
08641,8
08642,7
08643,10
08644,5
08645,10
08646,8
08647,9
08648,8
08649,9
08650,7
08651,9
08652,1
08653,7
08654,6
08655,9
08656,1
08657,9
08658,4
08659,1
08660,8
08661,4
08662,5
08663,4
08664,3
08665,1
08666,7
08667,9
08668,6
08669,10
08670,7
08671,9
08672,8
08673,4
08674,8
08675,3
08676,4
08677,2
08678,6
08679,7
08680,5
08681,10
08682,8
08683,6
08684,2
08685,8
08686,5
08687,9
08688,5
08689,8
08690,2
08691,6
08692,10
08693,10
08694,10
08695,7
08696,2
08697,10
08698,7
08699,3
08700,3
08701,10
08702,4
08703,1
08704,10
08705,2
08706,10
08707,3
08708,4
08709,4
08710,4
08711,8
08712,2
08713,6
08714,5
08715,3
08716,7
08717,3
08718,3
08719,9
08720,2
08721,8
08722,8
08723,10
08724,7
08725,5
08726,6
08727,6
08728,6
08729,7
08730,1
08731,1
08732,10
08733,2
08734,8
08735,3
08736,6
08737,8
08738,9
08739,9
08740,4
08741,7
08742,2
08743,8
08744,10
08745,9
08746,2
08747,2
08748,10
08749,3
08750,10
08751,10
08752,5
08753,6
08754,4
08755,9
08756,8
08757,7
08758,10
08759,5
08760,7
08761,5
08762,3
08763,2
08764,2
08765,5
08766,10
08767,3
08768,2
08769,8
08770,8
08771,7
08772,8
08773,3
08774,7
08775,5
08776,10
08777,2
08778,3
08779,8
08780,8
08781,7
08782,4
08783,1
08784,9
08785,7
08786,9
08787,8
08788,4
08789,7
08790,9
08791,2
08792,6
08793,5
08794,9
08795,2
08796,3
08797,7
08798,5
08799,6
08800,7
08801,5
08802,7
08803,4
08804,3
08805,2
08806,4
08807,5
08808,3
08809,9
08810,9
08811,4
08812,2
08813,2
08814,7
08815,5
08816,7
08817,4
08818,4
08819,5
08820,8
08821,3
08822,7
08823,1
08824,1
08825,5
08826,7
08827,7
08828,6
08829,6
08830,6
08831,1
08832,3
08833,7
08834,5
08835,3
08836,3
08837,9
08838,4
08839,8
08840,1
08841,7
08842,2
08843,4
08844,8
08845,2
08846,4
08847,6
08848,5
08849,8
08850,8
08851,5
08852,3
08853,9
08854,3
08855,4
08856,7
08857,2
08858,6
08859,5
08860,10
08861,6
08862,4
08863,1
08864,10
08865,10
08866,9
08867,1
08868,2
08869,9
08870,6
08871,1
08872,6
08873,10
08874,7
08875,9
08876,1
08877,3
08878,3
08879,4
08880,2
08881,3
08882,6
08883,5
08884,9
08885,5
08886,7
08887,1
08888,6
08889,9
08890,2
08891,1
08892,10
08893,1
08894,10
08895,2
08896,7
08897,5
08898,5
08899,6
08900,8
08901,6
08902,9
08903,9
08904,6
08905,10
08906,10
08907,2
08908,9
08909,6
08910,8
08911,6
08912,10
08913,2
08914,5
08915,5
08916,6
08917,1
08918,7
08919,5
08920,9
08921,6
08922,4
08923,7
08924,9
08925,5
08926,10
08927,3
08928,8
08929,9
08930,3
08931,2
08932,8
08933,2
08934,10
08935,8
08936,3
08937,7
08938,6
08939,7
08940,6
08941,7
08942,5
08943,7
08944,6
08945,7
08946,9
08947,7
08948,9
08949,5
08950,2
08951,9
08952,6
08953,5
08954,7
08955,2
08956,6
08957,1
08958,4
08959,7
08960,5
08961,6
08962,6
08963,8
08964,3
08965,9
08966,3
08967,10
08968,4
08969,8
08970,5
08971,9
08972,5
08973,4
08974,3
08975,7
08976,2
08977,10
08978,7
08979,9
08980,7
08981,2
08982,7
08983,6
08984,3
08985,5
08986,7
08987,5
08988,6
08989,3
08990,6
08991,1
08992,8
08993,8
08994,1
08995,6
08996,10
08997,10
08998,4
08999,5
09000,3
09001,3
09002,9
09003,4
09004,2
09005,6
09006,1
09007,5
09008,4
09009,4
09010,2
09011,1
09012,4
09013,5
09014,10
09015,6
09016,3
09017,7
09018,5
09019,1
09020,8
09021,3
09022,2
09023,1
09024,2
09025,3
09026,8
09027,3
09028,8
09029,3
09030,10
09031,3
09032,9
09033,5
09034,1
09035,5
09036,6
09037,1
09038,8
09039,1
09040,9
09041,6
09042,5
09043,6
09044,10
09045,9
09046,3
09047,9
09048,6
09049,4
09050,1
09051,10
09052,2
09053,9
09054,5
09055,1
09056,3
09057,10
09058,4
09059,2
09060,4
09061,6
09062,10
09063,2
09064,5
09065,9
09066,9
09067,7
09068,2
09069,9
09070,3
09071,7
09072,2
09073,4
09074,6
09075,6
09076,5
09077,9
09078,10
09079,7
09080,9
09081,3
09082,7
09083,2
09084,3
09085,2
09086,4
09087,2
09088,7
09089,4
09090,4
09091,2
09092,1
09093,6
09094,3
09095,2
09096,1
09097,5
09098,8
09099,4
09100,10
09101,2
09102,7
09103,5
09104,10
09105,3
09106,10
09107,6
09108,6
09109,10
09110,1
09111,6
09112,7
09113,5
09114,10
09115,5
09116,6
09117,2
09118,9
09119,2
09120,4
09121,8
09122,6
09123,7
09124,6
09125,1
09126,10
09127,8
09128,1
09129,6
09130,6
09131,9
09132,1
09133,8
09134,6
09135,4
09136,2
09137,9
09138,9
09139,2
09140,8
09141,3
09142,5
09143,8
09144,7
09145,7
09146,4
09147,9
09148,2
09149,5
09150,3
09151,4
09152,10
09153,10
09154,7
09155,2
09156,4
09157,8
09158,1
09159,4
09160,3
09161,7
09162,10
09163,3
09164,5
09165,6
09166,1
09167,6
09168,10
09169,4
09170,8
09171,1
09172,3
09173,6
09174,1
09175,2
09176,4
09177,1
09178,5
09179,4
09180,4
09181,5
09182,5
09183,5
09184,4
09185,2
09186,5
09187,1
09188,6
09189,1
09190,4
09191,7
09192,6
09193,2
09194,3
09195,8
09196,6
09197,7
09198,9
09199,4
09200,6
09201,2
09202,7
09203,5
09204,5
09205,9
09206,4
09207,2
09208,5
09209,9
09210,9
09211,8
09212,5
09213,8
09214,9
09215,10
09216,9
09217,8
09218,7
09219,6
09220,3
09221,1
09222,8
09223,2
09224,3
09225,5
09226,7
09227,10
09228,10
09229,3
09230,7
09231,4
09232,6
09233,2
09234,9
09235,1
09236,2
09237,8
09238,8
09239,4
09240,8
09241,9
09242,7
09243,10
09244,10
09245,2
09246,9
09247,3
09248,1
09249,6
09250,5
09251,8
09252,3
09253,9
09254,2
09255,2
09256,2
09257,5
09258,8
09259,9
09260,1
09261,6
09262,6
09263,5
09264,3
09265,1
09266,1
09267,9
09268,10
09269,6
09270,2
09271,5
09272,5
09273,5
09274,10
09275,10
09276,8
09277,4
09278,9
09279,8
09280,3
09281,10
09282,5
09283,4
09284,9
09285,8
09286,7
09287,6
09288,1
09289,2
09290,2
09291,8
09292,2
09293,2
09294,7
09295,4
09296,5
09297,6
09298,4
09299,7
09300,3
09301,4
09302,5
09303,2
09304,7
09305,5
09306,1
09307,7
09308,4
09309,8
09310,8
09311,2
09312,5
09313,5
09314,8
09315,4
09316,7
09317,3
09318,10
09319,3
09320,5
09321,10
09322,4
09323,6
09324,2
09325,1
09326,9
09327,7
09328,4
09329,6
09330,3
09331,4
09332,3
09333,10
09334,9
09335,4
09336,1
09337,10
09338,9
09339,10
09340,8
09341,7
09342,6
09343,1
09344,4
09345,2
09346,9
09347,8
09348,1
09349,10
09350,4
09351,4
09352,1
09353,5
09354,8
09355,6
09356,3
09357,4
09358,1
09359,1
09360,4
09361,7
09362,10
09363,2
09364,10
09365,2
09366,2
09367,5
09368,6
09369,8
09370,5
09371,6
09372,4
09373,4
09374,8
09375,10
09376,6
09377,6
09378,4
09379,8
09380,8
09381,9
09382,7
09383,5
09384,2
09385,3
09386,1
09387,6
09388,4
09389,6
09390,8
09391,3
09392,4
09393,7
09394,8
09395,4
09396,5
09397,2
09398,2
09399,7
09400,5
09401,1
09402,1
09403,5
09404,3
09405,10
09406,8
09407,7
09408,3
09409,7
09410,7
09411,3
09412,10
09413,5
09414,3
09415,7
09416,2
09417,9
09418,7
09419,8
09420,2
09421,9
09422,6
09423,10
09424,7
09425,7
09426,6
09427,5
09428,7
09429,3
09430,9
09431,1
09432,3
09433,10
09434,6
09435,9
09436,6
09437,10
09438,9
09439,7
09440,8
09441,10
09442,7
09443,1
09444,9
09445,2
09446,8
09447,4
09448,5
09449,1
09450,6
09451,1
09452,10
09453,5
09454,7
09455,10
09456,7
09457,6
09458,9
09459,5
09460,2
09461,10
09462,10
09463,4
09464,6
09465,7
09466,5
09467,10
09468,6
09469,7
09470,3
09471,3
09472,7
09473,3
09474,10
09475,5
09476,6
09477,6
09478,9
09479,6
09480,5
09481,10
09482,4
09483,5
09484,1
09485,1
09486,7
09487,7
09488,10
09489,4
09490,4
09491,2
09492,4
09493,4
09494,10
09495,5
09496,5
09497,10
09498,4
09499,7
09500,8
09501,9
09502,9
09503,9
09504,2
09505,2
09506,3
09507,6
09508,1
09509,4
09510,2
09511,2
09512,2
09513,4
09514,6
09515,10
09516,9
09517,1
09518,7
09519,8
09520,9
09521,9
09522,6
09523,8
09524,8
09525,7
09526,2
09527,9
09528,2
09529,8
09530,6
09531,10
09532,6
09533,3
09534,6
09535,4
09536,1
09537,7
09538,3
09539,3
09540,1
09541,7
09542,6
09543,2
09544,5
09545,4
09546,6
09547,3
09548,1
09549,10
09550,8
09551,8
09552,9
09553,2
09554,3
09555,8
09556,2
09557,9
09558,9
09559,2
09560,3
09561,5
09562,5
09563,3
09564,5
09565,8
09566,6
09567,1
09568,5
09569,7
09570,10
09571,7
09572,6
09573,8
09574,7
09575,5
09576,5
09577,7
09578,4
09579,8
09580,3
09581,3
09582,10
09583,5
09584,2
09585,6
09586,1
09587,4
09588,1
09589,6
09590,9
09591,8
09592,9
09593,7
09594,3
09595,10
09596,4
09597,3
09598,10
09599,3
09600,8
09601,6
09602,10
09603,4
09604,3
09605,5
09606,1
09607,4
09608,8
09609,1
09610,3
09611,3
09612,2
09613,3
09614,6
09615,8
09616,3
09617,2
09618,4
09619,3
09620,1
09621,3
09622,3
09623,9
09624,5
09625,2
09626,2
09627,1
09628,2
09629,7
09630,8
09631,8
09632,6
09633,10
09634,7
09635,8
09636,9
09637,3
09638,3
09639,8
09640,6
09641,10
09642,1
09643,8
09644,7
09645,2
09646,8
09647,9
09648,5
09649,10
09650,7
09651,7
09652,5
09653,4
09654,9
09655,5
09656,1
09657,1
09658,2
09659,10
09660,6
09661,2
09662,7
09663,1
09664,10
09665,3
09666,2
09667,3
09668,1
09669,5
09670,1
09671,4
09672,1
09673,8
09674,2
09675,7
09676,2
09677,1
09678,2
09679,5
09680,6
09681,8
09682,6
09683,9
09684,4
09685,2
09686,7
09687,10
09688,7
09689,9
09690,2
09691,7
09692,6
09693,10
09694,5
09695,2
09696,6
09697,4
09698,2
09699,2
09700,4
09701,7
09702,4
09703,10
09704,3
09705,7
09706,1
09707,5
09708,6
09709,7
09710,6
09711,5
09712,9
09713,4
09714,5
09715,10
09716,1
09717,1
09718,5
09719,4
09720,9
09721,2
09722,5
09723,10
09724,9
09725,4
09726,3
09727,10
09728,5
09729,4
09730,7
09731,9
09732,7
09733,2
09734,8
09735,10
09736,6
09737,4
09738,8
09739,3
09740,5
09741,7
09742,6
09743,5
09744,5
09745,10
09746,8
09747,5
09748,2
09749,3
09750,4
09751,8
09752,6
09753,9
09754,5
09755,3
09756,5
09757,3
09758,3
09759,8
09760,1
09761,2
09762,6
09763,2
09764,4
09765,4
09766,3
09767,1
09768,5
09769,1
09770,5
09771,3
09772,4
09773,7
09774,9
09775,4
09776,9
09777,3
09778,8
09779,3
09780,2
09781,4
09782,3
09783,1
09784,2
09785,4
09786,4
09787,4
09788,2
09789,1
09790,2
09791,5
09792,2
09793,4
09794,7
09795,3
09796,1
09797,3
09798,8
09799,4
09800,2
09801,1
09802,8
09803,1
09804,4
09805,7
09806,10
09807,5
09808,7
09809,1
09810,9
09811,6
09812,2
09813,10
09814,8
09815,4
09816,7
09817,7
09818,3
09819,7
09820,1
09821,7
09822,2
09823,1
09824,1
09825,6
09826,5
09827,10
09828,1
09829,10
09830,9
09831,10
09832,10
09833,8
09834,9
09835,4
09836,5
09837,7
09838,7
09839,9
09840,3
09841,2
09842,7
09843,5
09844,5
09845,5
09846,3
09847,9
09848,9
09849,3
09850,4
09851,9
09852,3
09853,4
09854,2
09855,6
09856,3
09857,1
09858,1
09859,6
09860,3
09861,4
09862,5
09863,6
09864,7
09865,2
09866,9
09867,9
09868,6
09869,3
09870,10
09871,9
09872,1
09873,9
09874,7
09875,8
09876,9
09877,5
09878,4
09879,10
09880,9
09881,4
09882,9
09883,2
09884,5
09885,2
09886,5
09887,1
09888,7
09889,7
09890,2
09891,2
09892,4
09893,3
09894,2
09895,8
09896,3
09897,8
09898,4
09899,2
09900,8
09901,1
09902,9
09903,5
09904,2
09905,3
09906,10
09907,9
09908,7
09909,1
09910,3
09911,8
09912,10
09913,6
09914,5
09915,5
09916,6
09917,8
09918,1
09919,8
09920,3
09921,3
09922,6
09923,9
09924,2
09925,8
09926,4
09927,4
09928,4
09929,6
09930,2
09931,4
09932,2
09933,7
09934,5
09935,6
09936,7
09937,5
09938,5
09939,1
09940,8
09941,5
09942,3
09943,7
09944,5
09945,2
09946,4
09947,3
09948,8
09949,8
09950,10
09951,7
09952,5
09953,3
09954,6
09955,8
09956,6
09957,1
09958,6
09959,10
09960,10
09961,1
09962,4
09963,5
09964,7
09965,2
09966,10
09967,9
09968,7
09969,9
09970,10
09971,8
09972,6
09973,5
09974,1
09975,7
09976,3
09977,7
09978,4
09979,3
09980,6
09981,9
09982,10
09983,10
09984,3
09985,4
09986,2
09987,4
09988,5
09989,4
09990,4
09991,4
09992,2
09993,6
09994,2
09995,1
09996,7
09997,10
09998,10
09999,3
