Id;Category
0;9
1;1
2;1
3;4
4;7
5;3
6;2
7;3
8;5
9;7
10;10
11;3
12;7
13;7
14;7
15;9
16;4
17;10
18;4
19;6
20;9
21;2
22;4
23;7
24;9
25;10
26;3
27;1
28;9
29;4
30;7
31;6
32;6
33;7
34;8
35;7
36;1
37;6
38;6
39;4
40;1
41;2
42;7
43;8
44;9
45;9
46;4
47;5
48;2
49;10
50;7
51;8
52;1
53;6
54;6
55;6
56;6
57;3
58;1
59;8
60;5
61;9
62;3
63;3
64;2
65;1
66;5
67;6
68;9
69;7
70;1
71;7
72;1
73;10
74;10
75;4
76;1
77;5
78;6
79;5
80;10
81;4
82;2
83;2
84;10
85;9
86;2
87;3
88;3
89;3
90;6
91;4
92;3
93;4
94;2
95;1
96;7
97;8
98;10
99;7
100;8
101;5
102;3
103;10
104;10
105;3
106;9
107;5
108;10
109;1
110;3
111;1
112;2
113;10
114;5
115;8
116;2
117;9
118;3
119;10
120;6
121;7
122;6
123;5
124;7
125;10
126;1
127;9
128;8
129;10
130;7
131;1
132;8
133;8
134;9
135;1
136;7
137;2
138;1
139;10
140;5
141;5
142;8
143;1
144;4
145;9
146;10
147;10
148;10
149;3
150;6
151;5
152;9
153;9
154;1
155;2
156;5
157;8
158;9
159;1
160;9
161;8
162;5
163;5
164;5
165;10
166;9
167;4
168;10
169;2
170;4
171;7
172;10
173;10
174;2
175;1
176;4
177;1
178;3
179;3
180;9
181;9
182;5
183;5
184;3
185;3
186;3
187;2
188;10
189;5
190;9
191;1
192;8
193;8
194;1
195;4
196;8
197;6
198;1
199;9
200;9
201;2
202;3
203;9
204;9
205;4
206;8
207;4
208;1
209;4
210;4
211;9
212;4
213;3
214;6
215;9
216;10
217;1
218;4
219;7
220;8
221;2
222;3
223;3
224;8
225;5
226;3
227;10
228;10
229;3
230;4
231;8
232;6
233;1
234;10
235;2
236;2
237;4
238;9
239;7
240;1
241;2
242;1
243;3
244;7
245;3
246;7
247;10
248;5
249;8
250;3
251;5
252;4
253;4
254;3
255;9
256;8
257;6
258;3
259;9
260;6
261;2
262;8
263;10
264;1
265;5
266;6
267;7
268;7
269;6
270;9
271;6
272;4
273;1
274;3
275;10
276;10
277;1
278;4
279;10
280;4
281;10
282;8
283;3
284;9
285;3
286;2
287;2
288;10
289;1
290;2
291;7
292;6
293;3
294;9
295;1
296;7
297;1
298;8
299;3
300;2
301;4
302;5
303;10
304;10
305;4
306;2
307;10
308;9
309;1
310;2
311;5
312;1
313;3
314;4
315;7
316;6
317;7
318;3
319;1
320;9
321;2
322;3
323;4
324;7
325;8
326;2
327;5
328;8
329;3
330;1
331;5
332;1
333;2
334;9
335;6
336;5
337;10
338;8
339;7
340;7
341;3
342;7
343;10
344;1
345;3
346;8
347;7
348;3
349;10
350;4
351;6
352;1
353;7
354;9
355;10
356;1
357;7
358;7
359;3
360;9
361;1
362;7
363;6
364;5
365;8
366;7
367;2
368;10
369;9
370;4
371;9
372;3
373;6
374;8
375;5
376;4
377;10
378;5
379;1
380;9
381;3
382;4
383;8
384;2
385;1
386;4
387;4
388;7
389;9
390;8
391;9
392;1
393;7
394;9
395;5
396;9
397;2
398;4
399;3
400;7
401;2
402;2
403;4
404;8
405;4
406;2
407;2
408;8
409;3
410;5
411;1
412;6
413;10
414;8
415;7
416;9
417;9
418;2
419;6
420;1
421;2
422;7
423;10
424;5
425;8
426;9
427;2
428;1
429;6
430;2
431;1
432;1
433;6
434;2
435;8
436;6
437;5
438;9
439;7
440;5
441;2
442;7
443;5
444;6
445;10
446;3
447;9
448;8
449;4
450;6
451;6
452;8
453;10
454;9
455;2
456;9
457;4
458;9
459;10
460;7
461;5
462;7
463;1
464;8
465;7
466;5
467;1
468;3
469;2
470;2
471;3
472;5
473;9
474;6
475;1
476;3
477;10
478;6
479;10
480;9
481;10
482;2
483;1
484;3
485;8
486;7
487;5
488;9
489;6
490;3
491;2
492;3
493;4
494;10
495;9
496;4
497;5
498;4
499;2
500;1
501;7
502;6
503;8
504;1
505;1
506;2
507;9
508;5
509;4
510;8
511;5
512;3
513;5
514;7
515;1
516;6
517;5
518;9
519;9
520;2
521;5
522;4
523;8
524;10
525;9
526;9
527;4
528;8
529;5
530;7
531;9
532;8
533;4
534;6
535;9
536;10
537;5
538;5
539;3
540;2
541;5
542;3
543;7
544;4
545;9
546;9
547;6
548;1
549;2
550;1
551;5
552;9
553;8
554;2
555;10
556;5
557;6
558;1
559;6
560;1
561;10
562;4
563;6
564;7
565;10
566;10
567;8
568;3
569;7
570;2
571;5
572;1
573;9
574;1
575;9
576;9
577;8
578;3
579;3
580;7
581;9
582;7
583;9
584;8
585;8
586;5
587;10
588;3
589;7
590;7
591;3
592;8
593;8
594;5
595;5
596;1
597;3
598;3
599;8
600;5
601;9
602;2
603;4
604;4
605;3
606;5
607;3
608;6
609;5
610;9
611;9
612;10
613;6
614;9
615;1
616;8
617;3
618;9
619;1
620;3
621;8
622;9
623;1
624;10
625;2
626;8
627;9
628;10
629;1
630;1
631;2
632;4
633;5
634;9
635;2
636;5
637;7
638;8
639;10
640;1
641;5
642;6
643;1
644;9
645;8
646;3
647;4
648;5
649;5
650;5
651;5
652;6
653;4
654;9
655;6
656;1
657;2
658;10
659;1
660;3
661;2
662;2
663;6
664;6
665;2
666;2
667;4
668;4
669;6
670;5
671;7
672;6
673;5
674;10
675;9
676;10
677;5
678;3
679;4
680;1
681;7
682;2
683;7
684;8
685;7
686;8
687;2
688;4
689;6
690;1
691;6
692;8
693;6
694;9
695;2
696;5
697;1
698;6
699;2
700;1
701;6
702;7
703;10
704;8
705;2
706;10
707;7
708;5
709;5
710;1
711;1
712;10
713;7
714;3
715;7
716;10
717;4
718;4
719;1
720;3
721;9
722;7
723;6
724;1
725;10
726;6
727;1
728;2
729;5
730;5
731;8
732;2
733;4
734;1
735;9
736;5
737;10
738;9
739;4
740;6
741;6
742;7
743;7
744;8
745;3
746;8
747;4
748;1
749;1
750;4
751;1
752;8
753;6
754;1
755;6
756;8
757;9
758;5
759;6
760;5
761;6
762;9
763;2
764;3
765;10
766;8
767;6
768;7
769;1
770;5
771;2
772;4
773;3
774;9
775;8
776;3
777;1
778;4
779;8
780;3
781;5
782;3
783;6
784;3
785;2
786;6
787;2
788;2
789;5
790;6
791;8
792;6
793;2
794;8
795;1
796;1
797;1
798;4
799;2
800;8
801;9
802;7
803;4
804;8
805;3
806;10
807;5
808;2
809;8
810;5
811;9
812;5
813;5
814;9
815;8
816;8
817;1
818;1
819;10
820;2
821;6
822;6
823;9
824;6
825;3
826;5
827;1
828;10
829;2
830;9
831;8
832;9
833;8
834;8
835;1
836;8
837;2
838;10
839;10
840;9
841;5
842;8
843;7
844;3
845;1
846;6
847;2
848;10
849;3
850;10
851;5
852;9
853;2
854;7
855;2
856;10
857;5
858;5
859;1
860;4
861;10
862;2
863;4
864;2
865;2
866;7
867;8
868;8
869;8
870;1
871;10
872;5
873;2
874;6
875;1
876;9
877;9
878;5
879;1
880;2
881;4
882;1
883;7
884;6
885;2
886;8
887;3
888;2
889;9
890;4
891;3
892;1
893;8
894;8
895;5
896;7
897;9
898;4
899;1
900;10
901;6
902;7
903;1
904;1
905;5
906;2
907;4
908;9
909;2
910;2
911;4
912;10
913;9
914;5
915;5
916;1
917;10
918;9
919;8
920;9
921;7
922;4
923;6
924;3
925;1
926;5
927;6
928;4
929;6
930;7
931;10
932;7
933;3
934;1
935;10
936;8
937;4
938;7
939;7
940;2
941;9
942;9
943;2
944;3
945;1
946;1
947;2
948;4
949;9
950;6
951;5
952;2
953;10
954;6
955;8
956;5
957;7
958;2
959;7
960;6
961;4
962;2
963;8
964;7
965;4
966;10
967;10
968;7
969;3
970;10
971;8
972;6
973;3
974;5
975;9
976;1
977;6
978;10
979;4
980;7
981;9
982;5
983;4
984;8
985;7
986;8
987;2
988;7
989;2
990;5
991;10
992;1
993;9
994;10
995;8
996;1
997;1
998;3
999;2
1000;4
1001;7
1002;9
1003;3
1004;5
1005;3
1006;3
1007;1
1008;10
1009;2
1010;9
1011;6
1012;2
1013;9
1014;3
1015;1
1016;7
1017;6
1018;4
1019;7
1020;4
1021;7
1022;6
1023;2
1024;9
1025;7
1026;8
1027;10
1028;2
1029;2
1030;6
1031;7
1032;7
1033;4
1034;3
1035;7
1036;2
1037;10
1038;1
1039;7
1040;1
1041;7
1042;10
1043;9
1044;1
1045;5
1046;8
1047;8
1048;5
1049;4
1050;1
1051;5
1052;7
1053;5
1054;1
1055;9
1056;2
1057;10
1058;8
1059;10
1060;1
1061;3
1062;8
1063;10
1064;9
1065;7
1066;5
1067;5
1068;4
1069;9
1070;1
1071;5
1072;2
1073;8
1074;1
1075;6
1076;9
1077;8
1078;3
1079;5
1080;3
1081;8
1082;9
1083;1
1084;9
1085;2
1086;7
1087;3
1088;3
1089;8
1090;4
1091;1
1092;5
1093;7
1094;1
1095;4
1096;9
1097;4
1098;3
1099;6
1100;8
1101;3
1102;5
1103;6
1104;5
1105;8
1106;3
1107;7
1108;4
1109;5
1110;2
1111;1
1112;2
1113;4
1114;2
1115;3
1116;4
1117;6
1118;4
1119;7
1120;8
1121;7
1122;8
1123;7
1124;3
1125;5
1126;1
1127;10
1128;7
1129;5
1130;1
1131;1
1132;5
1133;8
1134;4
1135;6
1136;1
1137;7
1138;9
1139;2
1140;2
1141;7
1142;8
1143;10
1144;2
1145;3
1146;9
1147;4
1148;7
1149;3
1150;4
1151;3
1152;3
1153;6
1154;3
1155;5
1156;10
1157;9
1158;8
1159;3
1160;3
1161;8
1162;10
1163;5
1164;3
1165;4
1166;4
1167;10
1168;10
1169;9
1170;7
1171;7
1172;2
1173;9
1174;4
1175;2
1176;10
1177;8
1178;4
1179;2
1180;2
1181;10
1182;10
1183;6
1184;5
1185;9
1186;2
1187;2
1188;2
1189;3
1190;1
1191;6
1192;7
1193;10
1194;10
1195;9
1196;4
1197;3
1198;7
1199;10
1200;7
1201;7
1202;8
1203;3
1204;8
1205;10
1206;1
1207;4
1208;1
1209;10
1210;8
1211;5
1212;1
1213;1
1214;2
1215;4
1216;8
1217;5
1218;7
1219;4
1220;3
1221;10
1222;7
1223;8
1224;2
1225;6
1226;4
1227;10
1228;1
1229;5
1230;2
1231;4
1232;1
1233;5
1234;8
1235;8
1236;6
1237;7
1238;6
1239;2
1240;9
1241;9
1242;8
1243;3
1244;3
1245;4
1246;8
1247;10
1248;1
1249;7
1250;1
1251;9
1252;10
1253;6
1254;3
1255;1
1256;8
1257;1
1258;2
1259;8
1260;1
1261;10
1262;9
1263;10
1264;4
1265;10
1266;3
1267;3
1268;4
1269;6
1270;4
1271;9
1272;8
1273;1
1274;2
1275;8
1276;6
1277;4
1278;7
1279;8
1280;1
1281;7
1282;6
1283;1
1284;3
1285;9
1286;1
1287;7
1288;7
1289;1
1290;9
1291;4
1292;4
1293;4
1294;2
1295;9
1296;4
1297;5
1298;7
1299;5
1300;2
1301;8
1302;4
1303;1
1304;4
1305;4
1306;8
1307;8
1308;9
1309;4
1310;7
1311;2
1312;10
1313;2
1314;1
1315;9
1316;7
1317;2
1318;7
1319;4
1320;10
1321;7
1322;5
1323;3
1324;9
1325;8
1326;10
1327;1
1328;4
1329;10
1330;10
1331;6
1332;3
1333;8
1334;5
1335;7
1336;2
1337;10
1338;9
1339;2
1340;5
1341;4
1342;2
1343;3
1344;1
1345;9
1346;7
1347;6
1348;5
1349;2
1350;7
1351;6
1352;1
1353;7
1354;10
1355;9
1356;10
1357;2
1358;5
1359;8
1360;3
1361;10
1362;8
1363;7
1364;4
1365;10
1366;7
1367;9
1368;6
1369;3
1370;3
1371;1
1372;6
1373;5
1374;7
1375;9
1376;4
1377;7
1378;7
1379;8
1380;8
1381;6
1382;10
1383;4
1384;2
1385;4
1386;5
1387;3
1388;10
1389;3
1390;2
1391;7
1392;8
1393;5
1394;2
1395;6
1396;1
1397;2
1398;1
1399;7
1400;4
1401;10
1402;9
1403;6
1404;7
1405;10
1406;7
1407;7
1408;4
1409;9
1410;6
1411;10
1412;5
1413;1
1414;6
1415;2
1416;4
1417;8
1418;5
1419;10
1420;3
1421;9
1422;8
1423;6
1424;7
1425;3
1426;7
1427;1
1428;10
1429;8
1430;4
1431;1
1432;6
1433;4
1434;4
1435;9
1436;1
1437;4
1438;8
1439;5
1440;3
1441;10
1442;8
1443;4
1444;6
1445;9
1446;5
1447;6
1448;4
1449;5
1450;8
1451;6
1452;7
1453;2
1454;4
1455;9
1456;6
1457;3
1458;9
1459;9
1460;8
1461;3
1462;2
1463;8
1464;8
1465;5
1466;4
1467;2
1468;2
1469;6
1470;2
1471;6
1472;5
1473;2
1474;3
1475;8
1476;4
1477;3
1478;5
1479;7
1480;5
1481;6
1482;6
1483;1
1484;2
1485;2
1486;8
1487;5
1488;1
1489;8
1490;4
1491;5
1492;5
1493;8
1494;5
1495;5
1496;5
1497;10
1498;10
1499;1
1500;7
1501;2
1502;4
1503;9
1504;1
1505;5
1506;9
1507;3
1508;4
1509;3
1510;6
1511;8
1512;1
1513;2
1514;4
1515;5
1516;1
1517;10
1518;9
1519;2
1520;10
1521;8
1522;6
1523;5
1524;9
1525;8
1526;10
1527;8
1528;6
1529;1
1530;3
1531;1
1532;6
1533;8
1534;2
1535;6
1536;8
1537;3
1538;4
1539;10
1540;3
1541;2
1542;10
1543;7
1544;8
1545;1
1546;2
1547;1
1548;10
1549;4
1550;7
1551;2
1552;10
1553;6
1554;9
1555;5
1556;6
1557;8
1558;1
1559;7
1560;9
1561;1
1562;10
1563;8
1564;8
1565;7
1566;2
1567;8
1568;2
1569;9
1570;5
1571;6
1572;8
1573;4
1574;10
1575;8
1576;2
1577;1
1578;10
1579;7
1580;9
1581;6
1582;10
1583;7
1584;1
1585;1
1586;7
1587;9
1588;9
1589;5
1590;2
1591;5
1592;1
1593;6
1594;3
1595;8
1596;7
1597;10
1598;10
1599;9
1600;6
1601;6
1602;8
1603;7
1604;5
1605;1
1606;10
1607;6
1608;1
1609;2
1610;8
1611;4
1612;10
1613;8
1614;3
1615;3
1616;8
1617;7
1618;4
1619;5
1620;9
1621;10
1622;9
1623;9
1624;9
1625;6
1626;5
1627;9
1628;9
1629;1
1630;6
1631;8
1632;4
1633;10
1634;4
1635;3
1636;6
1637;8
1638;5
1639;1
1640;8
1641;7
1642;2
1643;9
1644;4
1645;10
1646;4
1647;4
1648;9
1649;8
1650;7
1651;3
1652;4
1653;10
1654;9
1655;5
1656;6
1657;4
1658;2
1659;5
1660;5
1661;4
1662;4
1663;5
1664;6
1665;9
1666;2
1667;6
1668;9
1669;1
1670;10
1671;8
1672;8
1673;7
1674;7
1675;9
1676;5
1677;6
1678;7
1679;7
1680;1
1681;5
1682;10
1683;4
1684;3
1685;5
1686;6
1687;1
1688;3
1689;3
1690;9
1691;3
1692;10
1693;10
1694;4
1695;2
1696;10
1697;8
1698;8
1699;2
1700;6
1701;4
1702;9
1703;10
1704;10
1705;4
1706;5
1707;5
1708;8
1709;6
1710;3
1711;3
1712;4
1713;1
1714;6
1715;4
1716;1
1717;9
1718;10
1719;9
1720;3
1721;6
1722;4
1723;6
1724;9
1725;4
1726;9
1727;4
1728;5
1729;5
1730;7
1731;1
1732;7
1733;5
1734;6
1735;8
1736;1
1737;2
1738;3
1739;8
1740;3
1741;10
1742;5
1743;4
1744;7
1745;10
1746;8
1747;3
1748;4
1749;10
1750;2
1751;10
1752;2
1753;3
1754;7
1755;10
1756;5
1757;3
1758;8
1759;4
1760;4
1761;10
1762;8
1763;10
1764;3
1765;4
1766;10
1767;9
1768;3
1769;1
1770;2
1771;4
1772;10
1773;10
1774;5
1775;4
1776;2
1777;7
1778;7
1779;2
1780;4
1781;7
1782;7
1783;1
1784;5
1785;9
1786;3
1787;6
1788;1
1789;1
1790;2
1791;6
1792;10
1793;5
1794;10
1795;7
1796;6
1797;6
1798;7
1799;10
1800;4
1801;3
1802;9
1803;7
1804;5
1805;5
1806;7
1807;4
1808;10
1809;10
1810;10
1811;9
1812;4
1813;9
1814;1
1815;8
1816;8
1817;2
1818;9
1819;4
1820;10
1821;9
1822;8
1823;5
1824;5
1825;4
1826;6
1827;4
1828;6
1829;8
1830;8
1831;7
1832;8
1833;9
1834;5
1835;2
1836;3
1837;10
1838;9
1839;7
1840;6
1841;4
1842;7
1843;5
1844;2
1845;5
1846;1
1847;1
1848;4
1849;9
1850;4
1851;9
1852;8
1853;5
1854;1
1855;4
1856;5
1857;9
1858;4
1859;5
1860;7
1861;5
1862;5
1863;9
1864;9
1865;5
1866;4
1867;1
1868;1
1869;4
1870;8
1871;5
1872;7
1873;1
1874;8
1875;5
1876;5
1877;4
1878;7
1879;1
1880;10
1881;1
1882;1
1883;9
1884;7
1885;5
1886;3
1887;4
1888;6
1889;4
1890;9
1891;7
1892;2
1893;8
1894;9
1895;6
1896;6
1897;9
1898;7
1899;5
1900;10
1901;4
1902;9
1903;7
1904;1
1905;3
1906;3
1907;6
1908;10
1909;3
1910;6
1911;10
1912;3
1913;8
1914;4
1915;3
1916;3
1917;6
1918;7
1919;3
1920;7
1921;3
1922;6
1923;4
1924;8
1925;1
1926;3
1927;6
1928;5
1929;4
1930;9
1931;9
1932;7
1933;9
1934;6
1935;1
1936;9
1937;9
1938;8
1939;4
1940;8
1941;5
1942;1
1943;9
1944;4
1945;4
1946;6
1947;10
1948;5
1949;4
1950;8
1951;8
1952;7
1953;6
1954;10
1955;5
1956;3
1957;10
1958;8
1959;9
1960;1
1961;3
1962;7
1963;1
1964;6
1965;4
1966;4
1967;2
1968;7
1969;3
1970;3
1971;6
1972;4
1973;3
1974;1
1975;2
1976;1
1977;5
1978;7
1979;5
1980;7
1981;7
1982;8
1983;1
1984;10
1985;8
1986;8
1987;6
1988;8
1989;4
1990;6
1991;2
1992;3
1993;9
1994;5
1995;5
1996;8
1997;2
1998;3
1999;3
2000;3
2001;9
2002;9
2003;9
2004;3
2005;3
2006;4
2007;5
2008;9
2009;1
2010;1
2011;3
2012;6
2013;3
2014;6
2015;8
2016;8
2017;2
2018;7
2019;2
2020;10
2021;10
2022;3
2023;8
2024;9
2025;1
2026;1
2027;6
2028;3
2029;1
2030;1
2031;6
2032;5
2033;10
2034;2
2035;1
2036;4
2037;9
2038;6
2039;3
2040;6
2041;10
2042;5
2043;6
2044;6
2045;2
2046;5
2047;10
2048;8
2049;1
2050;8
2051;10
2052;2
2053;7
2054;3
2055;6
2056;3
2057;9
2058;2
2059;9
2060;4
2061;9
2062;4
2063;4
2064;1
2065;10
2066;2
2067;8
2068;7
2069;10
2070;3
2071;6
2072;1
2073;1
2074;8
2075;7
2076;9
2077;3
2078;8
2079;1
2080;1
2081;7
2082;2
2083;7
2084;7
2085;7
2086;10
2087;6
2088;8
2089;7
2090;8
2091;2
2092;1
2093;2
2094;7
2095;10
2096;5
2097;3
2098;10
2099;6
2100;1
2101;7
2102;9
2103;1
2104;9
2105;10
2106;5
2107;10
2108;1
2109;2
2110;5
2111;1
2112;2
2113;7
2114;8
2115;4
2116;10
2117;1
2118;2
2119;8
2120;10
2121;5
2122;4
2123;2
2124;7
2125;6
2126;10
2127;1
2128;8
2129;2
2130;10
2131;5
2132;2
2133;3
2134;6
2135;5
2136;9
2137;5
2138;8
2139;4
2140;3
2141;10
2142;1
2143;2
2144;9
2145;9
2146;2
2147;7
2148;3
2149;1
2150;2
2151;10
2152;8
2153;9
2154;1
2155;10
2156;8
2157;2
2158;3
2159;8
2160;9
2161;5
2162;9
2163;5
2164;3
2165;4
2166;8
2167;5
2168;4
2169;9
2170;3
2171;4
2172;2
2173;7
2174;10
2175;3
2176;10
2177;3
2178;1
2179;8
2180;5
2181;5
2182;4
2183;4
2184;10
2185;1
2186;6
2187;6
2188;5
2189;3
2190;8
2191;8
2192;6
2193;9
2194;7
2195;7
2196;5
2197;1
2198;1
2199;8
2200;2
2201;6
2202;7
2203;7
2204;7
2205;8
2206;4
2207;6
2208;3
2209;7
2210;2
2211;9
2212;9
2213;5
2214;5
2215;1
2216;7
2217;10
2218;3
2219;5
2220;4
2221;8
2222;6
2223;7
2224;5
2225;7
2226;4
2227;9
2228;9
2229;2
2230;4
2231;2
2232;7
2233;6
2234;6
2235;4
2236;6
2237;2
2238;8
2239;5
2240;3
2241;7
2242;1
2243;3
2244;1
2245;9
2246;5
2247;10
2248;3
2249;10
2250;7
2251;4
2252;5
2253;1
2254;6
2255;2
2256;6
2257;6
2258;2
2259;6
2260;5
2261;2
2262;9
2263;5
2264;10
2265;8
2266;3
2267;9
2268;4
2269;8
2270;9
2271;3
2272;4
2273;1
2274;2
2275;10
2276;10
2277;2
2278;8
2279;1
2280;1
2281;10
2282;8
2283;1
2284;1
2285;5
2286;7
2287;4
2288;8
2289;9
2290;7
2291;10
2292;6
2293;1
2294;9
2295;9
2296;6
2297;9
2298;5
2299;5
2300;9
2301;3
2302;8
2303;10
2304;5
2305;7
2306;10
2307;10
2308;4
2309;7
2310;4
2311;3
2312;10
2313;7
2314;4
2315;9
2316;10
2317;6
2318;10
2319;10
2320;10
2321;7
2322;3
2323;4
2324;9
2325;1
2326;5
2327;8
2328;7
2329;4
2330;10
2331;9
2332;2
2333;4
2334;2
2335;1
2336;7
2337;10
2338;9
2339;2
2340;2
2341;7
2342;2
2343;8
2344;1
2345;7
2346;1
2347;9
2348;7
2349;3
2350;1
2351;5
2352;3
2353;8
2354;5
2355;9
2356;2
2357;7
2358;3
2359;6
2360;4
2361;2
2362;8
2363;2
2364;1
2365;10
2366;9
2367;4
2368;9
2369;8
2370;6
2371;3
2372;3
2373;3
2374;4
2375;10
2376;4
2377;3
2378;3
2379;9
2380;3
2381;2
2382;9
2383;4
2384;8
2385;5
2386;5
2387;3
2388;2
2389;5
2390;7
2391;9
2392;7
2393;7
2394;2
2395;9
2396;1
2397;6
2398;1
2399;1
2400;6
2401;7
2402;10
2403;1
2404;10
2405;3
2406;9
2407;8
2408;6
2409;4
2410;1
2411;4
2412;8
2413;8
2414;10
2415;6
2416;1
2417;1
2418;5
2419;4
2420;1
2421;6
2422;10
2423;1
2424;9
2425;1
2426;1
2427;7
2428;2
2429;4
2430;5
2431;7
2432;7
2433;1
2434;7
2435;7
2436;10
2437;7
2438;2
2439;9
2440;6
2441;7
2442;2
2443;8
2444;1
2445;4
2446;1
2447;10
2448;5
2449;9
2450;10
2451;4
2452;8
2453;3
2454;9
2455;3
2456;3
2457;9
2458;5
2459;7
2460;5
2461;8
2462;1
2463;6
2464;5
2465;5
2466;7
2467;10
2468;10
2469;4
2470;10
2471;8
2472;8
2473;4
2474;9
2475;6
2476;5
2477;8
2478;1
2479;8
2480;4
2481;8
2482;4
2483;8
2484;10
2485;3
2486;7
2487;8
2488;10
2489;8
2490;6
2491;3
2492;6
2493;6
2494;5
2495;1
2496;3
2497;8
2498;9
2499;10
2500;6
2501;9
2502;9
2503;2
2504;6
2505;6
2506;2
2507;4
2508;5
2509;10
2510;3
2511;1
2512;6
2513;5
2514;4
2515;7
2516;1
2517;7
2518;3
2519;5
2520;7
2521;7
2522;1
2523;4
2524;10
2525;2
2526;5
2527;3
2528;1
2529;5
2530;5
2531;7
2532;7
2533;1
2534;2
2535;3
2536;5
2537;5
2538;7
2539;8
2540;10
2541;4
2542;1
2543;2
2544;10
2545;6
2546;5
2547;9
2548;2
2549;2
2550;7
2551;2
2552;1
2553;4
2554;3
2555;3
2556;3
2557;10
2558;7
2559;5
2560;2
2561;6
2562;6
2563;5
2564;2
2565;6
2566;9
2567;6
2568;1
2569;3
2570;1
2571;7
2572;8
2573;3
2574;1
2575;3
2576;8
2577;2
2578;2
2579;9
2580;7
2581;7
2582;10
2583;7
2584;9
2585;1
2586;2
2587;5
2588;1
2589;5
2590;1
2591;5
2592;1
2593;6
2594;6
2595;2
2596;1
2597;7
2598;6
2599;7
2600;9
2601;8
2602;9
2603;10
2604;2
2605;10
2606;8
2607;1
2608;5
2609;8
2610;3
2611;5
2612;7
2613;4
2614;10
2615;7
2616;6
2617;3
2618;1
2619;7
2620;1
2621;8
2622;10
2623;5
2624;9
2625;1
2626;3
2627;10
2628;10
2629;3
2630;2
2631;5
2632;4
2633;2
2634;5
2635;5
2636;7
2637;1
2638;4
2639;10
2640;9
2641;8
2642;4
2643;5
2644;8
2645;4
2646;1
2647;3
2648;7
2649;7
2650;2
2651;1
2652;8
2653;5
2654;7
2655;5
2656;2
2657;3
2658;8
2659;9
2660;10
2661;9
2662;6
2663;6
2664;5
2665;7
2666;7
2667;5
2668;5
2669;1
2670;8
2671;3
2672;8
2673;2
2674;2
2675;9
2676;7
2677;8
2678;5
2679;7
2680;10
2681;5
2682;4
2683;8
2684;5
2685;5
2686;4
2687;2
2688;4
2689;7
2690;7
2691;5
2692;4
2693;6
2694;4
2695;6
2696;2
2697;3
2698;7
2699;9
2700;6
2701;8
2702;4
2703;3
2704;5
2705;8
2706;7
2707;2
2708;2
2709;5
2710;10
2711;2
2712;7
2713;9
2714;8
2715;2
2716;3
2717;2
2718;9
2719;4
2720;5
2721;8
2722;8
2723;5
2724;6
2725;6
2726;2
2727;1
2728;10
2729;7
2730;9
2731;8
2732;4
2733;9
2734;5
2735;7
2736;1
2737;5
2738;5
2739;9
2740;4
2741;6
2742;6
2743;5
2744;6
2745;6
2746;10
2747;4
2748;2
2749;4
2750;1
2751;7
2752;2
2753;1
2754;3
2755;9
2756;8
2757;3
2758;4
2759;10
2760;1
2761;6
2762;5
2763;4
2764;5
2765;1
2766;8
2767;6
2768;9
2769;10
2770;7
2771;10
2772;6
2773;3
2774;3
2775;3
2776;3
2777;1
2778;3
2779;10
2780;7
2781;1
2782;10
2783;9
2784;3
2785;9
2786;2
2787;7
2788;5
2789;8
2790;1
2791;1
2792;9
2793;7
2794;6
2795;5
2796;5
2797;8
2798;3
2799;4
2800;4
2801;6
2802;5
2803;9
2804;4
2805;3
2806;2
2807;5
2808;6
2809;1
2810;5
2811;2
2812;8
2813;1
2814;9
2815;9
2816;10
2817;3
2818;3
2819;3
2820;3
2821;5
2822;4
2823;1
2824;10
2825;1
2826;5
2827;6
2828;9
2829;9
2830;2
2831;10
2832;10
2833;2
2834;9
2835;4
2836;10
2837;1
2838;2
2839;1
2840;10
2841;6
2842;2
2843;8
2844;2
2845;4
2846;5
2847;7
2848;2
2849;2
2850;2
2851;3
2852;1
2853;9
2854;3
2855;2
2856;4
2857;6
2858;7
2859;6
2860;6
2861;2
2862;3
2863;7
2864;7
2865;6
2866;1
2867;3
2868;2
2869;7
2870;1
2871;9
2872;4
2873;1
2874;3
2875;7
2876;2
2877;10
2878;1
2879;1
2880;7
2881;7
2882;9
2883;5
2884;4
2885;10
2886;6
2887;9
2888;1
2889;5
2890;1
2891;7
2892;5
2893;6
2894;7
2895;4
2896;3
2897;9
2898;3
2899;3
2900;3
2901;4
2902;2
2903;1
2904;10
2905;7
2906;5
2907;8
2908;1
2909;1
2910;10
2911;2
2912;2
2913;9
2914;9
2915;7
2916;3
2917;10
2918;7
2919;1
2920;6
2921;6
2922;1
2923;8
2924;8
2925;5
2926;8
2927;8
2928;6
2929;10
2930;5
2931;5
2932;9
2933;10
2934;2
2935;8
2936;9
2937;6
2938;6
2939;3
2940;8
2941;4
2942;9
2943;7
2944;5
2945;6
2946;4
2947;1
2948;9
2949;8
2950;7
2951;1
2952;8
2953;9
2954;9
2955;2
2956;9
2957;2
2958;1
2959;5
2960;4
2961;2
2962;7
2963;6
2964;5
2965;4
2966;1
2967;5
2968;10
2969;2
2970;8
2971;3
2972;8
2973;6
2974;10
2975;10
2976;2
2977;10
2978;1
2979;9
2980;1
2981;4
2982;6
2983;3
2984;2
2985;10
2986;9
2987;9
2988;6
2989;8
2990;3
2991;9
2992;8
2993;7
2994;4
2995;8
2996;4
2997;5
2998;4
2999;4
3000;4
3001;7
3002;7
3003;9
3004;3
3005;6
3006;9
3007;1
3008;8
3009;8
3010;2
3011;2
3012;6
3013;7
3014;6
3015;8
3016;7
3017;10
3018;1
3019;2
3020;2
3021;4
3022;1
3023;10
3024;1
3025;1
3026;1
3027;4
3028;5
3029;6
3030;10
3031;7
3032;4
3033;6
3034;8
3035;2
3036;4
3037;1
3038;7
3039;7
3040;9
3041;6
3042;4
3043;7
3044;1
3045;5
3046;3
3047;2
3048;7
3049;2
3050;9
3051;10
3052;8
3053;1
3054;7
3055;7
3056;10
3057;8
3058;7
3059;7
3060;8
3061;2
3062;8
3063;7
3064;8
3065;5
3066;8
3067;7
3068;5
3069;10
3070;3
3071;8
3072;6
3073;4
3074;5
3075;5
3076;4
3077;2
3078;2
3079;4
3080;5
3081;10
3082;8
3083;2
3084;7
3085;4
3086;10
3087;7
3088;9
3089;8
3090;9
3091;6
3092;2
3093;8
3094;3
3095;8
3096;2
3097;9
3098;7
3099;4
3100;2
3101;1
3102;1
3103;2
3104;6
3105;10
3106;6
3107;9
3108;3
3109;7
3110;1
3111;4
3112;6
3113;5
3114;6
3115;6
3116;3
3117;3
3118;4
3119;3
3120;2
3121;8
3122;6
3123;8
3124;3
3125;2
3126;9
3127;7
3128;2
3129;4
3130;4
3131;9
3132;10
3133;2
3134;5
3135;3
3136;3
3137;4
3138;1
3139;8
3140;8
3141;8
3142;9
3143;4
3144;1
3145;7
3146;7
3147;3
3148;1
3149;4
3150;7
3151;9
3152;5
3153;1
3154;4
3155;7
3156;2
3157;8
3158;6
3159;4
3160;7
3161;7
3162;9
3163;5
3164;3
3165;1
3166;7
3167;7
3168;2
3169;5
3170;4
3171;3
3172;5
3173;10
3174;5
3175;10
3176;6
3177;1
3178;4
3179;2
3180;4
3181;2
3182;2
3183;7
3184;1
3185;2
3186;1
3187;9
3188;8
3189;10
3190;8
3191;6
3192;2
3193;5
3194;10
3195;9
3196;9
3197;6
3198;7
3199;9
3200;1
3201;10
3202;4
3203;6
3204;3
3205;10
3206;8
3207;2
3208;1
3209;1
3210;7
3211;6
3212;10
3213;2
3214;1
3215;2
3216;2
3217;3
3218;4
3219;8
3220;10
3221;6
3222;6
3223;10
3224;3
3225;9
3226;10
3227;6
3228;2
3229;3
3230;10
3231;7
3232;10
3233;2
3234;8
3235;10
3236;1
3237;7
3238;5
3239;5
3240;3
3241;7
3242;3
3243;8
3244;6
3245;8
3246;9
3247;4
3248;7
3249;6
3250;1
3251;1
3252;6
3253;1
3254;4
3255;10
3256;10
3257;4
3258;7
3259;10
3260;7
3261;6
3262;9
3263;6
3264;8
3265;7
3266;5
3267;6
3268;3
3269;5
3270;1
3271;3
3272;5
3273;9
3274;2
3275;9
3276;8
3277;10
3278;5
3279;10
3280;8
3281;2
3282;8
3283;10
3284;1
3285;9
3286;6
3287;6
3288;5
3289;7
3290;2
3291;8
3292;6
3293;9
3294;10
3295;10
3296;6
3297;3
3298;9
3299;5
3300;9
3301;4
3302;4
3303;8
3304;8
3305;4
3306;9
3307;6
3308;3
3309;10
3310;10
3311;9
3312;4
3313;9
3314;5
3315;6
3316;1
3317;3
3318;6
3319;9
3320;6
3321;5
3322;7
3323;4
3324;7
3325;9
3326;5
3327;4
3328;9
3329;4
3330;1
3331;2
3332;4
3333;6
3334;6
3335;3
3336;6
3337;1
3338;10
3339;7
3340;6
3341;9
3342;9
3343;5
3344;2
3345;9
3346;7
3347;2
3348;3
3349;6
3350;2
3351;1
3352;1
3353;5
3354;10
3355;10
3356;5
3357;7
3358;5
3359;3
3360;3
3361;5
3362;10
3363;7
3364;1
3365;4
3366;5
3367;7
3368;9
3369;3
3370;8
3371;6
3372;8
3373;10
3374;7
3375;5
3376;4
3377;1
3378;4
3379;8
3380;8
3381;1
3382;10
3383;6
3384;10
3385;8
3386;5
3387;7
3388;10
3389;4
3390;7
3391;8
3392;10
3393;3
3394;4
3395;9
3396;10
3397;6
3398;1
3399;7
3400;7
3401;1
3402;10
3403;1
3404;6
3405;4
3406;10
3407;1
3408;9
3409;7
3410;2
3411;6
3412;5
3413;7
3414;10
3415;7
3416;9
3417;10
3418;3
3419;3
3420;1
3421;4
3422;4
3423;7
3424;10
3425;4
3426;2
3427;10
3428;8
3429;2
3430;4
3431;4
3432;1
3433;6
3434;2
3435;6
3436;1
3437;5
3438;9
3439;10
3440;3
3441;1
3442;2
3443;4
3444;9
3445;7
3446;4
3447;1
3448;10
3449;4
3450;2
3451;6
3452;6
3453;7
3454;9
3455;4
3456;3
3457;6
3458;3
3459;9
3460;1
3461;10
3462;1
3463;4
3464;7
3465;4
3466;4
3467;3
3468;6
3469;8
3470;2
3471;5
3472;5
3473;3
3474;10
3475;2
3476;7
3477;10
3478;5
3479;6
3480;9
3481;2
3482;7
3483;5
3484;5
3485;6
3486;1
3487;3
3488;6
3489;3
3490;10
3491;7
3492;7
3493;4
3494;1
3495;2
3496;7
3497;7
3498;3
3499;9
3500;7
3501;8
3502;2
3503;7
3504;5
3505;5
3506;7
3507;4
3508;1
3509;4
3510;6
3511;1
3512;9
3513;8
3514;5
3515;7
3516;6
3517;7
3518;2
3519;10
3520;5
3521;10
3522;2
3523;2
3524;9
3525;1
3526;10
3527;5
3528;1
3529;3
3530;6
3531;5
3532;1
3533;5
3534;6
3535;3
3536;8
3537;7
3538;6
3539;2
3540;6
3541;1
3542;10
3543;5
3544;1
3545;6
3546;1
3547;5
3548;3
3549;1
3550;2
3551;4
3552;4
3553;7
3554;1
3555;5
3556;2
3557;10
3558;8
3559;8
3560;10
3561;5
3562;3
3563;2
3564;10
3565;2
3566;6
3567;3
3568;6
3569;4
3570;8
3571;4
3572;2
3573;3
3574;6
3575;4
3576;3
3577;8
3578;5
3579;2
3580;10
3581;6
3582;3
3583;3
3584;2
3585;1
3586;1
3587;2
3588;6
3589;7
3590;3
3591;3
3592;6
3593;6
3594;6
3595;10
3596;4
3597;1
3598;6
3599;10
3600;6
3601;10
3602;5
3603;2
3604;5
3605;9
3606;10
3607;7
3608;4
3609;8
3610;8
3611;8
3612;1
3613;6
3614;1
3615;6
3616;8
3617;6
3618;7
3619;8
3620;9
3621;4
3622;1
3623;5
3624;7
3625;1
3626;5
3627;4
3628;9
3629;10
3630;6
3631;1
3632;1
3633;1
3634;4
3635;3
3636;3
3637;5
3638;2
3639;4
3640;2
3641;3
3642;6
3643;9
3644;10
3645;9
3646;7
3647;10
3648;5
3649;8
3650;9
3651;3
3652;6
3653;10
3654;10
3655;1
3656;5
3657;9
3658;8
3659;6
3660;9
3661;8
3662;2
3663;3
3664;9
3665;2
3666;2
3667;9
3668;8
3669;4
3670;4
3671;3
3672;6
3673;5
3674;3
3675;7
3676;3
3677;7
3678;4
3679;9
3680;1
3681;4
3682;4
3683;2
3684;6
3685;10
3686;6
3687;3
3688;6
3689;10
3690;1
3691;3
3692;1
3693;5
3694;4
3695;8
3696;2
3697;6
3698;6
3699;2
3700;5
3701;5
3702;4
3703;1
3704;5
3705;2
3706;2
3707;3
3708;5
3709;5
3710;10
3711;2
3712;9
3713;5
3714;8
3715;8
3716;7
3717;5
3718;3
3719;6
3720;1
3721;5
3722;5
3723;3
3724;8
3725;10
3726;8
3727;4
3728;4
3729;10
3730;3
3731;8
3732;1
3733;5
3734;1
3735;10
3736;1
3737;4
3738;3
3739;6
3740;7
3741;8
3742;4
3743;8
3744;1
3745;4
3746;9
3747;8
3748;1
3749;9
3750;1
3751;5
3752;5
3753;2
3754;5
3755;8
3756;7
3757;9
3758;6
3759;3
3760;7
3761;6
3762;1
3763;7
3764;6
3765;9
3766;4
3767;2
3768;9
3769;2
3770;1
3771;4
3772;9
3773;3
3774;7
3775;2
3776;1
3777;4
3778;7
3779;9
3780;2
3781;4
3782;6
3783;6
3784;3
3785;7
3786;4
3787;3
3788;6
3789;9
3790;9
3791;4
3792;4
3793;3
3794;3
3795;9
3796;4
3797;2
3798;1
3799;5
3800;4
3801;10
3802;1
3803;6
3804;1
3805;10
3806;5
3807;8
3808;10
3809;2
3810;3
3811;6
3812;9
3813;3
3814;6
3815;2
3816;5
3817;3
3818;4
3819;9
3820;10
3821;5
3822;6
3823;5
3824;4
3825;10
3826;9
3827;3
3828;6
3829;6
3830;9
3831;10
3832;10
3833;9
3834;6
3835;3
3836;8
3837;3
3838;1
3839;3
3840;6
3841;5
3842;8
3843;3
3844;2
3845;3
3846;7
3847;6
3848;6
3849;10
3850;9
3851;10
3852;10
3853;5
3854;6
3855;6
3856;10
3857;6
3858;6
3859;6
3860;4
3861;1
3862;9
3863;9
3864;6
3865;8
3866;10
3867;3
3868;8
3869;6
3870;2
3871;2
3872;2
3873;8
3874;5
3875;10
3876;6
3877;10
3878;1
3879;4
3880;2
3881;8
3882;6
3883;10
3884;6
3885;5
3886;1
3887;10
3888;5
3889;8
3890;7
3891;5
3892;5
3893;2
3894;6
3895;5
3896;10
3897;5
3898;1
3899;10
3900;6
3901;8
3902;2
3903;6
3904;9
3905;7
3906;7
3907;6
3908;3
3909;10
3910;4
3911;6
3912;7
3913;8
3914;2
3915;1
3916;7
3917;3
3918;10
3919;6
3920;8
3921;8
3922;1
3923;1
3924;1
3925;6
3926;8
3927;2
3928;9
3929;10
3930;5
3931;3
3932;9
3933;4
3934;2
3935;1
3936;10
3937;9
3938;5
3939;2
3940;3
3941;3
3942;7
3943;8
3944;9
3945;9
3946;7
3947;5
3948;4
3949;8
3950;1
3951;2
3952;2
3953;2
3954;3
3955;2
3956;1
3957;5
3958;5
3959;7
3960;2
3961;4
3962;5
3963;1
3964;1
3965;3
3966;2
3967;4
3968;9
3969;5
3970;10
3971;3
3972;4
3973;5
3974;10
3975;2
3976;1
3977;2
3978;3
3979;4
3980;1
3981;10
3982;1
3983;5
3984;7
3985;3
3986;2
3987;10
3988;6
3989;6
3990;4
3991;4
3992;7
3993;5
3994;9
3995;2
3996;5
3997;3
3998;2
3999;9
4000;10
4001;2
4002;8
4003;10
4004;9
4005;6
4006;5
4007;3
4008;1
4009;3
4010;7
4011;10
4012;4
4013;8
4014;5
4015;8
4016;1
4017;3
4018;9
4019;4
4020;8
4021;3
4022;10
4023;9
4024;8
4025;5
4026;2
4027;3
4028;7
4029;10
4030;6
4031;2
4032;4
4033;8
4034;5
4035;5
4036;10
4037;10
4038;7
4039;4
4040;10
4041;8
4042;1
4043;3
4044;4
4045;9
4046;6
4047;7
4048;9
4049;10
4050;10
4051;8
4052;4
4053;3
4054;4
4055;1
4056;2
4057;4
4058;3
4059;3
4060;7
4061;8
4062;10
4063;10
4064;8
4065;9
4066;9
4067;5
4068;10
4069;2
4070;4
4071;7
4072;9
4073;6
4074;1
4075;5
4076;10
4077;1
4078;1
4079;2
4080;4
4081;9
4082;1
4083;10
4084;1
4085;1
4086;5
4087;1
4088;3
4089;4
4090;10
4091;9
4092;9
4093;10
4094;1
4095;4
4096;4
4097;5
4098;2
4099;2
4100;1
4101;5
4102;8
4103;10
4104;9
4105;4
4106;2
4107;7
4108;2
4109;10
4110;1
4111;3
4112;5
4113;10
4114;9
4115;6
4116;3
4117;6
4118;3
4119;7
4120;10
4121;8
4122;6
4123;6
4124;6
4125;10
4126;4
4127;1
4128;6
4129;1
4130;8
4131;7
4132;2
4133;1
4134;6
4135;5
4136;1
4137;8
4138;1
4139;2
4140;1
4141;9
4142;7
4143;4
4144;6
4145;3
4146;2
4147;7
4148;7
4149;5
4150;6
4151;1
4152;4
4153;9
4154;10
4155;8
4156;6
4157;1
4158;7
4159;7
4160;1
4161;4
4162;6
4163;5
4164;3
4165;2
4166;7
4167;7
4168;1
4169;4
4170;3
4171;3
4172;6
4173;7
4174;1
4175;1
4176;7
4177;9
4178;7
4179;10
4180;4
4181;5
4182;5
4183;3
4184;9
4185;7
4186;5
4187;1
4188;2
4189;5
4190;10
4191;10
4192;3
4193;7
4194;7
4195;5
4196;2
4197;7
4198;10
4199;1
4200;6
4201;1
4202;6
4203;9
4204;5
4205;5
4206;9
4207;1
4208;9
4209;8
4210;3
4211;5
4212;5
4213;9
4214;3
4215;3
4216;5
4217;9
4218;9
4219;6
4220;10
4221;9
4222;9
4223;3
4224;5
4225;9
4226;8
4227;7
4228;3
4229;6
4230;7
4231;6
4232;10
4233;10
4234;1
4235;7
4236;2
4237;7
4238;4
4239;10
4240;1
4241;1
4242;7
4243;10
4244;8
4245;1
4246;9
4247;10
4248;9
4249;1
4250;3
4251;1
4252;2
4253;1
4254;2
4255;8
4256;1
4257;10
4258;5
4259;6
4260;3
4261;9
4262;8
4263;9
4264;4
4265;1
4266;6
4267;1
4268;4
4269;6
4270;9
4271;3
4272;8
4273;3
4274;7
4275;2
4276;5
4277;4
4278;9
4279;2
4280;3
4281;1
4282;7
4283;5
4284;8
4285;7
4286;7
4287;7
4288;2
4289;10
4290;10
4291;3
4292;5
4293;8
4294;4
4295;6
4296;2
4297;6
4298;2
4299;1
4300;1
4301;8
4302;3
4303;1
4304;5
4305;10
4306;9
4307;5
4308;9
4309;3
4310;2
4311;9
4312;1
4313;4
4314;5
4315;3
4316;10
4317;3
4318;5
4319;8
4320;4
4321;1
4322;5
4323;4
4324;7
4325;2
4326;6
4327;10
4328;3
4329;1
4330;3
4331;9
4332;8
4333;7
4334;3
4335;10
4336;7
4337;6
4338;7
4339;1
4340;3
4341;5
4342;10
4343;9
4344;8
4345;6
4346;1
4347;1
4348;4
4349;7
4350;5
4351;5
4352;6
4353;5
4354;8
4355;5
4356;9
4357;6
4358;1
4359;7
4360;5
4361;8
4362;2
4363;8
4364;5
4365;8
4366;3
4367;7
4368;4
4369;5
4370;1
4371;6
4372;9
4373;10
4374;8
4375;10
4376;6
4377;5
4378;1
4379;1
4380;9
4381;2
4382;3
4383;7
4384;1
4385;5
4386;2
4387;4
4388;2
4389;10
4390;9
4391;5
4392;5
4393;8
4394;10
4395;1
4396;9
4397;9
4398;8
4399;2
4400;7
4401;7
4402;7
4403;6
4404;1
4405;9
4406;9
4407;6
4408;10
4409;3
4410;8
4411;8
4412;10
4413;4
4414;7
4415;4
4416;1
4417;6
4418;7
4419;10
4420;10
4421;9
4422;8
4423;9
4424;1
4425;8
4426;6
4427;9
4428;7
4429;3
4430;7
4431;5
4432;7
4433;8
4434;6
4435;3
4436;8
4437;6
4438;8
4439;4
4440;5
4441;3
4442;3
4443;3
4444;4
4445;5
4446;3
4447;5
4448;4
4449;6
4450;4
4451;2
4452;9
4453;6
4454;1
4455;4
4456;2
4457;9
4458;3
4459;8
4460;2
4461;3
4462;5
4463;9
4464;6
4465;9
4466;3
4467;4
4468;3
4469;4
4470;3
4471;8
4472;7
4473;5
4474;8
4475;4
4476;3
4477;7
4478;7
4479;3
4480;2
4481;2
4482;7
4483;10
4484;7
4485;4
4486;6
4487;7
4488;4
4489;3
4490;8
4491;10
4492;8
4493;4
4494;5
4495;10
4496;6
4497;10
4498;4
4499;10
4500;2
4501;2
4502;2
4503;2
4504;5
4505;1
4506;9
4507;4
4508;7
4509;5
4510;4
4511;5
4512;9
4513;9
4514;1
4515;10
4516;9
4517;10
4518;4
4519;10
4520;3
4521;7
4522;8
4523;5
4524;2
4525;8
4526;6
4527;4
4528;5
4529;6
4530;1
4531;7
4532;8
4533;1
4534;6
4535;1
4536;3
4537;7
4538;10
4539;9
4540;1
4541;6
4542;9
4543;8
4544;7
4545;4
4546;9
4547;1
4548;7
4549;2
4550;5
4551;8
4552;8
4553;4
4554;3
4555;7
4556;10
4557;1
4558;7
4559;1
4560;8
4561;3
4562;8
4563;9
4564;3
4565;8
4566;3
4567;8
4568;5
4569;5
4570;7
4571;3
4572;10
4573;4
4574;4
4575;3
4576;7
4577;6
4578;10
4579;6
4580;7
4581;4
4582;7
4583;2
4584;9
4585;8
4586;3
4587;8
4588;9
4589;8
4590;4
4591;2
4592;7
4593;7
4594;5
4595;9
4596;1
4597;3
4598;7
4599;3
4600;10
4601;8
4602;10
4603;8
4604;6
4605;4
4606;9
4607;7
4608;2
4609;10
4610;3
4611;2
4612;9
4613;9
4614;6
4615;8
4616;2
4617;3
4618;7
4619;6
4620;2
4621;1
4622;7
4623;2
4624;4
4625;5
4626;7
4627;3
4628;2
4629;7
4630;2
4631;5
4632;10
4633;2
4634;4
4635;8
4636;8
4637;3
4638;8
4639;8
4640;5
4641;6
4642;10
4643;2
4644;7
4645;4
4646;9
4647;7
4648;2
4649;6
4650;8
4651;9
4652;3
4653;3
4654;10
4655;4
4656;1
4657;6
4658;9
4659;1
4660;4
4661;6
4662;5
4663;4
4664;2
4665;9
4666;1
4667;6
4668;10
4669;10
4670;3
4671;10
4672;8
4673;1
4674;9
4675;9
4676;2
4677;4
4678;3
4679;8
4680;8
4681;10
4682;10
4683;7
4684;7
4685;5
4686;6
4687;7
4688;3
4689;2
4690;9
4691;10
4692;2
4693;7
4694;5
4695;7
4696;3
4697;9
4698;10
4699;1
4700;8
4701;1
4702;9
4703;3
4704;1
4705;2
4706;5
4707;6
4708;5
4709;5
4710;8
4711;1
4712;7
4713;5
4714;10
4715;6
4716;8
4717;6
4718;4
4719;10
4720;7
4721;3
4722;3
4723;4
4724;5
4725;1
4726;8
4727;6
4728;1
4729;10
4730;5
4731;9
4732;10
4733;6
4734;3
4735;7
4736;10
4737;1
4738;10
4739;3
4740;7
4741;5
4742;6
4743;7
4744;10
4745;1
4746;8
4747;8
4748;7
4749;6
4750;9
4751;6
4752;5
4753;10
4754;1
4755;7
4756;8
4757;9
4758;3
4759;6
4760;3
4761;7
4762;10
4763;1
4764;3
4765;7
4766;3
4767;8
4768;8
4769;2
4770;10
4771;1
4772;8
4773;10
4774;2
4775;10
4776;2
4777;8
4778;1
4779;1
4780;4
4781;6
4782;1
4783;9
4784;6
4785;7
4786;2
4787;2
4788;10
4789;3
4790;4
4791;9
4792;3
4793;10
4794;5
4795;3
4796;6
4797;9
4798;1
4799;6
4800;6
4801;8
4802;5
4803;4
4804;8
4805;4
4806;2
4807;9
4808;5
4809;7
4810;9
4811;3
4812;6
4813;6
4814;1
4815;6
4816;7
4817;8
4818;3
4819;3
4820;7
4821;4
4822;2
4823;3
4824;2
4825;3
4826;4
4827;1
4828;3
4829;4
4830;4
4831;5
4832;6
4833;9
4834;1
4835;6
4836;7
4837;3
4838;9
4839;2
4840;9
4841;3
4842;5
4843;4
4844;1
4845;4
4846;8
4847;9
4848;6
4849;4
4850;3
4851;3
4852;8
4853;10
4854;1
4855;10
4856;6
4857;1
4858;9
4859;10
4860;8
4861;6
4862;8
4863;6
4864;6
4865;3
4866;2
4867;9
4868;2
4869;2
4870;5
4871;2
4872;1
4873;6
4874;2
4875;9
4876;8
4877;6
4878;5
4879;10
4880;10
4881;8
4882;3
4883;10
4884;10
4885;4
4886;6
4887;9
4888;7
4889;3
4890;7
4891;5
4892;1
4893;2
4894;1
4895;2
4896;3
4897;2
4898;9
4899;3
4900;4
4901;8
4902;1
4903;5
4904;5
4905;5
4906;8
4907;7
4908;7
4909;1
4910;10
4911;6
4912;9
4913;4
4914;5
4915;4
4916;8
4917;10
4918;5
4919;9
4920;2
4921;6
4922;6
4923;7
4924;5
4925;8
4926;5
4927;7
4928;6
4929;7
4930;10
4931;9
4932;4
4933;10
4934;2
4935;10
4936;6
4937;8
4938;2
4939;2
4940;7
4941;5
4942;10
4943;2
4944;9
4945;7
4946;8
4947;8
4948;6
4949;2
4950;8
4951;10
4952;2
4953;6
4954;6
4955;6
4956;8
4957;4
4958;8
4959;1
4960;4
4961;10
4962;1
4963;5
4964;6
4965;1
4966;9
4967;10
4968;7
4969;7
4970;4
4971;8
4972;1
4973;8
4974;5
4975;4
4976;10
4977;1
4978;8
4979;4
4980;4
4981;6
4982;1
4983;3
4984;8
4985;6
4986;4
4987;8
4988;9
4989;5
4990;4
4991;1
4992;4
4993;1
4994;8
4995;1
4996;5
4997;3
4998;3
4999;8
5000;2
5001;4
5002;4
5003;8
5004;9
5005;4
5006;2
5007;7
5008;2
5009;10
5010;10
5011;9
5012;9
5013;8
5014;9
5015;1
5016;6
5017;10
5018;5
5019;9
5020;7
5021;8
5022;6
5023;8
5024;1
5025;2
5026;9
5027;1
5028;2
5029;5
5030;1
5031;10
5032;6
5033;9
5034;7
5035;9
5036;10
5037;6
5038;8
5039;9
5040;7
5041;10
5042;7
5043;1
5044;8
5045;5
5046;7
5047;4
5048;2
5049;7
5050;7
5051;1
5052;3
5053;4
5054;8
5055;4
5056;7
5057;8
5058;1
5059;5
5060;8
5061;5
5062;4
5063;1
5064;4
5065;1
5066;1
5067;1
5068;1
5069;10
5070;2
5071;4
5072;8
5073;7
5074;1
5075;2
5076;8
5077;6
5078;7
5079;5
5080;9
5081;4
5082;6
5083;5
5084;1
5085;5
5086;6
5087;3
5088;6
5089;9
5090;10
5091;3
5092;3
5093;6
5094;3
5095;9
5096;6
5097;7
5098;6
5099;3
5100;4
5101;4
5102;6
5103;4
5104;4
5105;2
5106;8
5107;6
5108;8
5109;6
5110;7
5111;10
5112;4
5113;7
5114;1
5115;5
5116;5
5117;10
5118;6
5119;2
5120;5
5121;3
5122;9
5123;5
5124;5
5125;7
5126;7
5127;4
5128;6
5129;10
5130;5
5131;7
5132;8
5133;9
5134;10
5135;6
5136;8
5137;7
5138;6
5139;7
5140;10
5141;7
5142;1
5143;2
5144;9
5145;3
5146;6
5147;1
5148;6
5149;9
5150;2
5151;9
5152;2
5153;1
5154;4
5155;1
5156;10
5157;7
5158;10
5159;3
5160;9
5161;1
5162;5
5163;10
5164;3
5165;1
5166;3
5167;1
5168;5
5169;7
5170;8
5171;9
5172;3
5173;4
5174;7
5175;3
5176;10
5177;4
5178;7
5179;6
5180;5
5181;1
5182;6
5183;9
5184;6
5185;9
5186;5
5187;7
5188;10
5189;10
5190;4
5191;6
5192;9
5193;7
5194;4
5195;2
5196;5
5197;8
5198;5
5199;1
5200;10
5201;9
5202;10
5203;2
5204;9
5205;5
5206;9
5207;5
5208;10
5209;7
5210;6
5211;1
5212;5
5213;8
5214;8
5215;7
5216;3
5217;2
5218;8
5219;9
5220;1
5221;9
5222;6
5223;2
5224;1
5225;4
5226;8
5227;3
5228;3
5229;6
5230;9
5231;8
5232;5
5233;8
5234;1
5235;1
5236;8
5237;6
5238;2
5239;6
5240;1
5241;8
5242;4
5243;9
5244;10
5245;1
5246;10
5247;6
5248;1
5249;5
5250;2
5251;9
5252;6
5253;8
5254;9
5255;8
5256;9
5257;6
5258;2
5259;5
5260;6
5261;6
5262;9
5263;8
5264;3
5265;6
5266;8
5267;10
5268;8
5269;5
5270;3
5271;10
5272;2
5273;8
5274;5
5275;6
5276;3
5277;6
5278;8
5279;2
5280;2
5281;10
5282;3
5283;2
5284;4
5285;5
5286;10
5287;10
5288;4
5289;8
5290;7
5291;6
5292;3
5293;5
5294;2
5295;5
5296;10
5297;10
5298;6
5299;9
5300;1
5301;5
5302;5
5303;8
5304;9
5305;9
5306;1
5307;4
5308;6
5309;9
5310;9
5311;10
5312;3
5313;8
5314;2
5315;6
5316;1
5317;6
5318;10
5319;6
5320;5
5321;9
5322;5
5323;4
5324;8
5325;2
5326;1
5327;9
5328;5
5329;9
5330;1
5331;4
5332;1
5333;4
5334;6
5335;4
5336;5
5337;9
5338;7
5339;6
5340;2
5341;8
5342;5
5343;8
5344;3
5345;6
5346;10
5347;9
5348;5
5349;10
5350;3
5351;8
5352;4
5353;5
5354;5
5355;7
5356;5
5357;10
5358;1
5359;9
5360;9
5361;5
5362;4
5363;9
5364;4
5365;6
5366;7
5367;5
5368;3
5369;1
5370;2
5371;2
5372;9
5373;3
5374;2
5375;8
5376;5
5377;6
5378;6
5379;5
5380;1
5381;2
5382;2
5383;8
5384;7
5385;7
5386;1
5387;2
5388;3
5389;3
5390;1
5391;2
5392;6
5393;8
5394;9
5395;10
5396;3
5397;6
5398;4
5399;2
5400;4
5401;9
5402;8
5403;10
5404;8
5405;4
5406;9
5407;3
5408;2
5409;3
5410;7
5411;10
5412;8
5413;3
5414;10
5415;3
5416;10
5417;5
5418;8
5419;7
5420;9
5421;3
5422;6
5423;1
5424;9
5425;5
5426;3
5427;2
5428;1
5429;6
5430;3
5431;3
5432;10
5433;8
5434;7
5435;8
5436;4
5437;10
5438;6
5439;7
5440;1
5441;5
5442;2
5443;6
5444;10
5445;4
5446;8
5447;8
5448;1
5449;1
5450;9
5451;6
5452;7
5453;7
5454;9
5455;8
5456;1
5457;7
5458;4
5459;3
5460;7
5461;3
5462;3
5463;9
5464;2
5465;6
5466;3
5467;8
5468;9
5469;5
5470;7
5471;4
5472;7
5473;10
5474;9
5475;2
5476;2
5477;10
5478;1
5479;10
5480;7
5481;5
5482;4
5483;4
5484;5
5485;8
5486;8
5487;3
5488;9
5489;1
5490;9
5491;5
5492;7
5493;8
5494;1
5495;6
5496;3
5497;4
5498;2
5499;5
5500;2
5501;8
5502;10
5503;6
5504;9
5505;2
5506;2
5507;1
5508;4
5509;3
5510;2
5511;4
5512;4
5513;1
5514;6
5515;10
5516;6
5517;3
5518;9
5519;3
5520;5
5521;1
5522;5
5523;1
5524;5
5525;1
5526;7
5527;10
5528;2
5529;1
5530;4
5531;4
5532;8
5533;5
5534;9
5535;3
5536;5
5537;10
5538;2
5539;6
5540;1
5541;2
5542;4
5543;9
5544;2
5545;3
5546;4
5547;10
5548;9
5549;2
5550;7
5551;2
5552;7
5553;3
5554;10
5555;2
5556;5
5557;2
5558;2
5559;2
5560;3
5561;4
5562;5
5563;6
5564;3
5565;9
5566;6
5567;7
5568;8
5569;5
5570;7
5571;2
5572;6
5573;3
5574;5
5575;6
5576;1
5577;10
5578;2
5579;4
5580;9
5581;4
5582;1
5583;1
5584;1
5585;3
5586;2
5587;1
5588;5
5589;8
5590;1
5591;5
5592;6
5593;3
5594;1
5595;1
5596;8
5597;2
5598;8
5599;6
5600;3
5601;8
5602;7
5603;6
5604;7
5605;10
5606;7
5607;1
5608;6
5609;2
5610;2
5611;5
5612;1
5613;5
5614;1
5615;7
5616;2
5617;8
5618;1
5619;1
5620;3
5621;2
5622;4
5623;5
5624;6
5625;4
5626;5
5627;9
5628;5
5629;3
5630;2
5631;10
5632;6
5633;3
5634;4
5635;8
5636;5
5637;9
5638;6
5639;8
5640;8
5641;7
5642;8
5643;7
5644;9
5645;10
5646;3
5647;10
5648;4
5649;8
5650;3
5651;9
5652;1
5653;7
5654;6
5655;10
5656;8
5657;9
5658;1
5659;8
5660;2
5661;6
5662;7
5663;5
5664;3
5665;4
5666;6
5667;3
5668;10
5669;8
5670;1
5671;7
5672;4
5673;5
5674;9
5675;4
5676;5
5677;7
5678;2
5679;2
5680;2
5681;8
5682;7
5683;1
5684;4
5685;8
5686;1
5687;2
5688;10
5689;5
5690;3
5691;8
5692;3
5693;3
5694;9
5695;6
5696;10
5697;6
5698;10
5699;9
5700;3
5701;5
5702;2
5703;5
5704;10
5705;9
5706;3
5707;6
5708;7
5709;9
5710;5
5711;1
5712;5
5713;2
5714;9
5715;3
5716;9
5717;1
5718;5
5719;4
5720;2
5721;5
5722;7
5723;7
5724;8
5725;6
5726;7
5727;6
5728;2
5729;9
5730;2
5731;7
5732;1
5733;3
5734;3
5735;3
5736;4
5737;9
5738;10
5739;9
5740;8
5741;2
5742;4
5743;9
5744;6
5745;5
5746;2
5747;3
5748;8
5749;1
5750;8
5751;2
5752;6
5753;8
5754;6
5755;1
5756;7
5757;7
5758;5
5759;4
5760;10
5761;4
5762;6
5763;4
5764;8
5765;8
5766;6
5767;2
5768;2
5769;2
5770;10
5771;7
5772;1
5773;7
5774;10
5775;1
5776;1
5777;1
5778;9
5779;2
5780;7
5781;1
5782;2
5783;6
5784;7
5785;8
5786;10
5787;1
5788;7
5789;8
5790;3
5791;9
5792;1
5793;1
5794;5
5795;5
5796;4
5797;6
5798;5
5799;7
5800;8
5801;3
5802;1
5803;5
5804;8
5805;1
5806;8
5807;9
5808;6
5809;3
5810;1
5811;8
5812;9
5813;8
5814;8
5815;3
5816;10
5817;1
5818;4
5819;6
5820;9
5821;4
5822;10
5823;9
5824;4
5825;3
5826;9
5827;5
5828;8
5829;5
5830;9
5831;6
5832;9
5833;6
5834;2
5835;5
5836;5
5837;3
5838;10
5839;1
5840;7
5841;8
5842;5
5843;7
5844;5
5845;4
5846;7
5847;5
5848;5
5849;5
5850;3
5851;7
5852;4
5853;4
5854;3
5855;2
5856;5
5857;1
5858;10
5859;5
5860;1
5861;9
5862;5
5863;6
5864;9
5865;1
5866;3
5867;4
5868;3
5869;1
5870;4
5871;7
5872;3
5873;4
5874;9
5875;5
5876;6
5877;8
5878;1
5879;4
5880;3
5881;10
5882;9
5883;2
5884;6
5885;2
5886;3
5887;10
5888;9
5889;9
5890;1
5891;7
5892;4
5893;9
5894;8
5895;7
5896;10
5897;5
5898;5
5899;9
5900;3
5901;3
5902;2
5903;9
5904;9
5905;5
5906;10
5907;10
5908;3
5909;1
5910;8
5911;10
5912;3
5913;9
5914;1
5915;6
5916;6
5917;7
5918;8
5919;7
5920;7
5921;8
5922;4
5923;2
5924;9
5925;8
5926;9
5927;9
5928;9
5929;4
5930;6
5931;1
5932;5
5933;4
5934;2
5935;4
5936;2
5937;5
5938;6
5939;9
5940;10
5941;2
5942;6
5943;4
5944;7
5945;3
5946;1
5947;7
5948;7
5949;8
5950;10
5951;7
5952;10
5953;3
5954;6
5955;3
5956;2
5957;2
5958;5
5959;4
5960;6
5961;3
5962;2
5963;10
5964;10
5965;5
5966;5
5967;5
5968;8
5969;3
5970;1
5971;8
5972;2
5973;6
5974;10
5975;3
5976;3
5977;9
5978;5
5979;10
5980;8
5981;1
5982;10
5983;5
5984;2
5985;1
5986;3
5987;10
5988;9
5989;5
5990;10
5991;7
5992;10
5993;10
5994;6
5995;9
5996;10
5997;9
5998;8
5999;10
6000;4
6001;9
6002;7
6003;10
6004;2
6005;4
6006;3
6007;1
6008;10
6009;4
6010;8
6011;9
6012;8
6013;4
6014;8
6015;8
6016;5
6017;1
6018;4
6019;9
6020;6
6021;8
6022;5
6023;1
6024;3
6025;3
6026;10
6027;1
6028;6
6029;3
6030;1
6031;9
6032;8
6033;1
6034;2
6035;3
6036;1
6037;10
6038;6
6039;2
6040;2
6041;9
6042;10
6043;3
6044;8
6045;4
6046;4
6047;7
6048;3
6049;7
6050;7
6051;6
6052;4
6053;6
6054;4
6055;2
6056;1
6057;2
6058;1
6059;7
6060;4
6061;7
6062;8
6063;8
6064;4
6065;5
6066;9
6067;7
6068;6
6069;7
6070;5
6071;6
6072;7
6073;9
6074;9
6075;1
6076;6
6077;6
6078;7
6079;7
6080;5
6081;4
6082;4
6083;7
6084;3
6085;10
6086;2
6087;9
6088;7
6089;7
6090;4
6091;5
6092;5
6093;7
6094;10
6095;2
6096;2
6097;8
6098;10
6099;2
6100;9
6101;1
6102;6
6103;7
6104;10
6105;10
6106;4
6107;9
6108;9
6109;1
6110;10
6111;7
6112;4
6113;9
6114;7
6115;9
6116;9
6117;1
6118;5
6119;9
6120;10
6121;8
6122;5
6123;2
6124;10
6125;6
6126;5
6127;10
6128;2
6129;10
6130;3
6131;8
6132;10
6133;7
6134;5
6135;1
6136;9
6137;6
6138;10
6139;10
6140;1
6141;8
6142;1
6143;2
6144;5
6145;2
6146;6
6147;4
6148;8
6149;10
6150;8
6151;2
6152;6
6153;5
6154;9
6155;2
6156;2
6157;3
6158;5
6159;5
6160;4
6161;8
6162;10
6163;5
6164;6
6165;10
6166;6
6167;4
6168;4
6169;5
6170;2
6171;4
6172;1
6173;9
6174;4
6175;7
6176;9
6177;2
6178;4
6179;7
6180;9
6181;8
6182;4
6183;10
6184;7
6185;9
6186;5
6187;5
6188;7
6189;3
6190;8
6191;10
6192;5
6193;5
6194;3
6195;10
6196;7
6197;2
6198;10
6199;2
6200;1
6201;4
6202;3
6203;10
6204;8
6205;8
6206;2
6207;8
6208;4
6209;10
6210;8
6211;6
6212;6
6213;6
6214;2
6215;7
6216;10
6217;9
6218;4
6219;4
6220;1
6221;10
6222;7
6223;10
6224;3
6225;10
6226;5
6227;6
6228;4
6229;4
6230;2
6231;10
6232;9
6233;9
6234;9
6235;4
6236;1
6237;2
6238;4
6239;3
6240;4
6241;7
6242;5
6243;9
6244;9
6245;10
6246;1
6247;3
6248;1
6249;8
6250;6
6251;6
6252;8
6253;10
6254;8
6255;10
6256;4
6257;6
6258;9
6259;1
6260;3
6261;8
6262;6
6263;10
6264;1
6265;1
6266;7
6267;8
6268;2
6269;9
6270;2
6271;10
6272;4
6273;3
6274;3
6275;2
6276;3
6277;7
6278;2
6279;6
6280;5
6281;9
6282;10
6283;9
6284;2
6285;8
6286;2
6287;6
6288;5
6289;10
6290;5
6291;6
6292;4
6293;2
6294;2
6295;6
6296;6
6297;1
6298;8
6299;1
6300;1
6301;3
6302;8
6303;3
6304;6
6305;8
6306;10
6307;6
6308;3
6309;8
6310;5
6311;1
6312;4
6313;5
6314;5
6315;8
6316;3
6317;2
6318;5
6319;1
6320;5
6321;7
6322;10
6323;6
6324;8
6325;6
6326;1
6327;4
6328;10
6329;6
6330;1
6331;2
6332;5
6333;3
6334;4
6335;4
6336;8
6337;8
6338;2
6339;8
6340;4
6341;2
6342;9
6343;9
6344;8
6345;2
6346;10
6347;4
6348;5
6349;6
6350;2
6351;8
6352;2
6353;2
6354;10
6355;5
6356;1
6357;5
6358;4
6359;7
6360;5
6361;1
6362;8
6363;10
6364;8
6365;4
6366;10
6367;7
6368;2
6369;6
6370;8
6371;1
6372;8
6373;2
6374;8
6375;10
6376;9
6377;6
6378;1
6379;10
6380;1
6381;8
6382;2
6383;3
6384;10
6385;7
6386;8
6387;4
6388;5
6389;5
6390;4
6391;4
6392;1
6393;10
6394;9
6395;8
6396;2
6397;4
6398;4
6399;1
6400;1
6401;4
6402;2
6403;1
6404;10
6405;10
6406;5
6407;7
6408;2
6409;10
6410;1
6411;6
6412;7
6413;3
6414;9
6415;4
6416;5
6417;10
6418;6
6419;1
6420;2
6421;8
6422;10
6423;6
6424;3
6425;7
6426;4
6427;3
6428;5
6429;1
6430;10
6431;6
6432;7
6433;6
6434;6
6435;9
6436;4
6437;5
6438;8
6439;9
6440;2
6441;2
6442;8
6443;10
6444;3
6445;8
6446;3
6447;2
6448;5
6449;7
6450;1
6451;2
6452;2
6453;5
6454;2
6455;5
6456;6
6457;5
6458;5
6459;7
6460;1
6461;7
6462;4
6463;5
6464;4
6465;7
6466;8
6467;8
6468;5
6469;8
6470;8
6471;1
6472;6
6473;1
6474;10
6475;5
6476;2
6477;3
6478;1
6479;2
6480;3
6481;3
6482;7
6483;3
6484;4
6485;7
6486;10
6487;2
6488;4
6489;8
6490;6
6491;3
6492;3
6493;6
6494;8
6495;3
6496;6
6497;7
6498;3
6499;3
6500;10
6501;7
6502;3
6503;3
6504;1
6505;6
6506;6
6507;4
6508;4
6509;7
6510;10
6511;9
6512;7
6513;3
6514;9
6515;4
6516;5
6517;10
6518;2
6519;7
6520;8
6521;4
6522;4
6523;5
6524;8
6525;4
6526;6
6527;6
6528;6
6529;9
6530;8
6531;6
6532;8
6533;6
6534;6
6535;9
6536;10
6537;9
6538;9
6539;4
6540;4
6541;9
6542;6
6543;5
6544;8
6545;5
6546;8
6547;1
6548;2
6549;3
6550;3
6551;4
6552;8
6553;5
6554;6
6555;10
6556;10
6557;3
6558;4
6559;10
6560;6
6561;8
6562;7
6563;9
6564;5
6565;3
6566;5
6567;10
6568;6
6569;9
6570;2
6571;5
6572;8
6573;6
6574;8
6575;8
6576;1
6577;1
6578;8
6579;9
6580;9
6581;5
6582;3
6583;1
6584;10
6585;2
6586;9
6587;10
6588;7
6589;3
6590;8
6591;2
6592;5
6593;7
6594;8
6595;1
6596;10
6597;2
6598;6
6599;3
6600;6
6601;4
6602;9
6603;2
6604;5
6605;5
6606;9
6607;2
6608;3
6609;1
6610;8
6611;8
6612;4
6613;10
6614;3
6615;3
6616;9
6617;3
6618;1
6619;4
6620;6
6621;6
6622;3
6623;9
6624;8
6625;5
6626;4
6627;7
6628;5
6629;4
6630;1
6631;5
6632;6
6633;10
6634;8
6635;9
6636;7
6637;7
6638;9
6639;7
6640;6
6641;10
6642;7
6643;3
6644;6
6645;9
6646;8
6647;1
6648;10
6649;10
6650;2
6651;9
6652;6
6653;2
6654;4
6655;4
6656;9
6657;10
6658;3
6659;8
6660;1
6661;1
6662;6
6663;8
6664;1
6665;9
6666;1
6667;1
6668;1
6669;5
6670;2
6671;3
6672;7
6673;8
6674;1
6675;10
6676;2
6677;1
6678;7
6679;8
6680;1
6681;6
6682;2
6683;8
6684;4
6685;5
6686;9
6687;10
6688;8
6689;10
6690;8
6691;10
6692;9
6693;7
6694;5
6695;2
6696;10
6697;2
6698;8
6699;10
6700;2
6701;3
6702;10
6703;4
6704;7
6705;3
6706;7
6707;3
6708;5
6709;10
6710;8
6711;4
6712;5
6713;1
6714;5
6715;1
6716;6
6717;9
6718;1
6719;5
6720;8
6721;3
6722;1
6723;7
6724;3
6725;9
6726;2
6727;7
6728;5
6729;6
6730;10
6731;3
6732;4
6733;1
6734;5
6735;7
6736;9
6737;4
6738;4
6739;2
6740;2
6741;9
6742;5
6743;1
6744;6
6745;9
6746;7
6747;1
6748;10
6749;4
6750;7
6751;3
6752;7
6753;10
6754;7
6755;7
6756;6
6757;6
6758;5
6759;8
6760;10
6761;8
6762;3
6763;1
6764;7
6765;2
6766;1
6767;8
6768;5
6769;10
6770;4
6771;10
6772;5
6773;3
6774;4
6775;9
6776;4
6777;4
6778;8
6779;7
6780;1
6781;6
6782;7
6783;9
6784;9
6785;7
6786;10
6787;8
6788;6
6789;8
6790;6
6791;1
6792;4
6793;7
6794;4
6795;7
6796;10
6797;2
6798;4
6799;10
6800;10
6801;9
6802;9
6803;9
6804;7
6805;10
6806;8
6807;6
6808;10
6809;3
6810;2
6811;5
6812;10
6813;3
6814;4
6815;1
6816;8
6817;5
6818;9
6819;5
6820;8
6821;2
6822;3
6823;7
6824;5
6825;2
6826;5
6827;10
6828;7
6829;7
6830;2
6831;3
6832;10
6833;7
6834;7
6835;4
6836;8
6837;7
6838;3
6839;6
6840;6
6841;6
6842;2
6843;3
6844;8
6845;1
6846;4
6847;10
6848;6
6849;10
6850;9
6851;7
6852;7
6853;4
6854;7
6855;5
6856;8
6857;3
6858;7
6859;3
6860;8
6861;6
6862;7
6863;5
6864;2
6865;8
6866;2
6867;2
6868;4
6869;10
6870;5
6871;7
6872;2
6873;6
6874;2
6875;6
6876;8
6877;7
6878;3
6879;3
6880;4
6881;1
6882;6
6883;2
6884;6
6885;5
6886;1
6887;10
6888;4
6889;3
6890;4
6891;2
6892;6
6893;3
6894;1
6895;7
6896;8
6897;8
6898;10
6899;3
6900;7
6901;10
6902;7
6903;6
6904;9
6905;10
6906;9
6907;2
6908;2
6909;3
6910;8
6911;6
6912;8
6913;9
6914;8
6915;6
6916;9
6917;8
6918;1
6919;9
6920;10
6921;10
6922;10
6923;1
6924;3
6925;7
6926;9
6927;2
6928;4
6929;3
6930;2
6931;5
6932;8
6933;7
6934;8
6935;1
6936;1
6937;10
6938;3
6939;2
6940;3
6941;5
6942;3
6943;1
6944;8
6945;5
6946;8
6947;5
6948;3
6949;10
6950;2
6951;10
6952;4
6953;8
6954;3
6955;5
6956;3
6957;9
6958;7
6959;10
6960;8
6961;6
6962;1
6963;8
6964;6
6965;8
6966;8
6967;4
6968;3
6969;7
6970;5
6971;3
6972;1
6973;9
6974;5
6975;10
6976;8
6977;9
6978;6
6979;5
6980;4
6981;4
6982;9
6983;5
6984;9
6985;4
6986;7
6987;7
6988;2
6989;6
6990;6
6991;5
6992;8
6993;2
6994;5
6995;6
6996;4
6997;2
6998;9
6999;3
7000;1
7001;6
7002;5
7003;10
7004;7
7005;2
7006;2
7007;5
7008;4
7009;7
7010;1
7011;5
7012;6
7013;2
7014;2
7015;2
7016;3
7017;9
7018;4
7019;7
7020;4
7021;7
7022;7
7023;8
7024;9
7025;9
7026;2
7027;1
7028;5
7029;9
7030;5
7031;10
7032;9
7033;1
7034;3
7035;2
7036;10
7037;5
7038;4
7039;2
7040;4
7041;4
7042;4
7043;5
7044;1
7045;1
7046;8
7047;1
7048;5
7049;7
7050;9
7051;3
7052;2
7053;6
7054;4
7055;5
7056;1
7057;9
7058;6
7059;9
7060;7
7061;8
7062;1
7063;3
7064;10
7065;4
7066;10
7067;10
7068;10
7069;4
7070;1
7071;6
7072;2
7073;8
7074;1
7075;5
7076;3
7077;5
7078;3
7079;3
7080;10
7081;7
7082;2
7083;8
7084;7
7085;1
7086;10
7087;8
7088;5
7089;5
7090;8
7091;3
7092;2
7093;10
7094;7
7095;9
7096;2
7097;6
7098;1
7099;1
7100;2
7101;8
7102;4
7103;9
7104;1
7105;8
7106;1
7107;4
7108;3
7109;3
7110;4
7111;6
7112;9
7113;6
7114;1
7115;9
7116;4
7117;3
7118;9
7119;8
7120;1
7121;5
7122;6
7123;3
7124;10
7125;7
7126;10
7127;7
7128;1
7129;9
7130;3
7131;8
7132;2
7133;7
7134;8
7135;1
7136;2
7137;4
7138;8
7139;10
7140;1
7141;10
7142;9
7143;6
7144;2
7145;8
7146;6
7147;8
7148;8
7149;1
7150;3
7151;3
7152;5
7153;4
7154;3
7155;2
7156;6
7157;2
7158;10
7159;1
7160;10
7161;4
7162;8
7163;3
7164;1
7165;1
7166;1
7167;7
7168;2
7169;9
7170;2
7171;8
7172;2
7173;6
7174;6
7175;6
7176;6
7177;2
7178;5
7179;10
7180;5
7181;1
7182;10
7183;7
7184;9
7185;5
7186;3
7187;3
7188;10
7189;9
7190;10
7191;8
7192;7
7193;10
7194;5
7195;10
7196;8
7197;2
7198;5
7199;9
7200;1
7201;8
7202;3
7203;8
7204;1
7205;5
7206;5
7207;4
7208;3
7209;9
7210;4
7211;1
7212;10
7213;5
7214;5
7215;5
7216;2
7217;5
7218;9
7219;5
7220;9
7221;6
7222;5
7223;6
7224;10
7225;10
7226;8
7227;3
7228;4
7229;8
7230;7
7231;7
7232;10
7233;1
7234;4
7235;3
7236;3
7237;3
7238;9
7239;5
7240;2
7241;3
7242;2
7243;10
7244;6
7245;3
7246;4
7247;6
7248;9
7249;7
7250;7
7251;1
7252;6
7253;10
7254;4
7255;10
7256;1
7257;5
7258;3
7259;5
7260;4
7261;9
7262;5
7263;6
7264;6
7265;7
7266;10
7267;9
7268;1
7269;5
7270;5
7271;6
7272;2
7273;1
7274;2
7275;7
7276;2
7277;8
7278;3
7279;8
7280;10
7281;6
7282;5
7283;8
7284;9
7285;9
7286;6
7287;4
7288;8
7289;8
7290;3
7291;9
7292;9
7293;2
7294;6
7295;3
7296;3
7297;2
7298;5
7299;6
7300;2
7301;2
7302;6
7303;3
7304;3
7305;3
7306;3
7307;3
7308;1
7309;6
7310;2
7311;3
7312;2
7313;2
7314;10
7315;4
7316;3
7317;2
7318;9
7319;7
7320;10
7321;6
7322;8
7323;3
7324;8
7325;10
7326;3
7327;10
7328;6
7329;8
7330;9
7331;7
7332;10
7333;8
7334;9
7335;3
7336;3
7337;8
7338;9
7339;10
7340;9
7341;2
7342;9
7343;3
7344;4
7345;1
7346;10
7347;6
7348;2
7349;7
7350;1
7351;4
7352;3
7353;9
7354;9
7355;4
7356;1
7357;10
7358;9
7359;1
7360;8
7361;10
7362;2
7363;9
7364;7
7365;9
7366;4
7367;10
7368;1
7369;2
7370;7
7371;8
7372;8
7373;1
7374;9
7375;1
7376;1
7377;9
7378;2
7379;5
7380;1
7381;9
7382;3
7383;6
7384;9
7385;6
7386;5
7387;9
7388;2
7389;1
7390;8
7391;4
7392;1
7393;8
7394;6
7395;1
7396;5
7397;3
7398;9
7399;7
7400;7
7401;10
7402;7
7403;7
7404;8
7405;10
7406;7
7407;8
7408;3
7409;7
7410;3
7411;1
7412;8
7413;8
7414;6
7415;5
7416;3
7417;10
7418;8
7419;10
7420;4
7421;2
7422;1
7423;2
7424;5
7425;2
7426;3
7427;6
7428;6
7429;4
7430;6
7431;3
7432;4
7433;1
7434;2
7435;1
7436;3
7437;8
7438;5
7439;10
7440;9
7441;9
7442;5
7443;3
7444;2
7445;2
7446;3
7447;5
7448;2
7449;10
7450;9
7451;1
7452;7
7453;2
7454;10
7455;9
7456;10
7457;9
7458;3
7459;4
7460;8
7461;7
7462;7
7463;1
7464;9
7465;2
7466;3
7467;10
7468;5
7469;6
7470;10
7471;7
7472;1
7473;2
7474;5
7475;2
7476;2
7477;9
7478;5
7479;5
7480;2
7481;8
7482;5
7483;4
7484;4
7485;2
7486;4
7487;1
7488;6
7489;1
7490;10
7491;1
7492;10
7493;1
7494;4
7495;2
7496;4
7497;10
7498;9
7499;5
7500;9
7501;8
7502;10
7503;9
7504;5
7505;1
7506;6
7507;1
7508;5
7509;7
7510;8
7511;1
7512;7
7513;1
7514;7
7515;10
7516;7
7517;2
7518;3
7519;10
7520;5
7521;3
7522;2
7523;4
7524;7
7525;2
7526;2
7527;9
7528;5
7529;4
7530;7
7531;2
7532;4
7533;5
7534;5
7535;5
7536;7
7537;10
7538;4
7539;2
7540;1
7541;8
7542;2
7543;2
7544;6
7545;1
7546;5
7547;4
7548;4
7549;6
7550;6
7551;4
7552;3
7553;3
7554;3
7555;5
7556;10
7557;6
7558;1
7559;10
7560;4
7561;3
7562;1
7563;8
7564;3
7565;4
7566;2
7567;8
7568;9
7569;1
7570;9
7571;9
7572;10
7573;2
7574;1
7575;10
7576;8
7577;5
7578;7
7579;7
7580;1
7581;5
7582;9
7583;7
7584;6
7585;4
7586;3
7587;10
7588;10
7589;4
7590;1
7591;2
7592;3
7593;6
7594;3
7595;6
7596;8
7597;9
7598;7
7599;7
7600;5
7601;1
7602;9
7603;2
7604;3
7605;1
7606;10
7607;3
7608;7
7609;6
7610;3
7611;8
7612;4
7613;6
7614;2
7615;5
7616;1
7617;8
7618;6
7619;3
7620;7
7621;8
7622;8
7623;3
7624;1
7625;3
7626;6
7627;2
7628;6
7629;1
7630;5
7631;1
7632;5
7633;5
7634;4
7635;6
7636;8
7637;5
7638;7
7639;1
7640;10
7641;9
7642;2
7643;1
7644;1
7645;3
7646;5
7647;4
7648;3
7649;4
7650;6
7651;1
7652;3
7653;1
7654;6
7655;6
7656;5
7657;1
7658;3
7659;9
7660;5
7661;3
7662;3
7663;1
7664;7
7665;5
7666;1
7667;9
7668;1
7669;8
7670;6
7671;6
7672;2
7673;7
7674;6
7675;4
7676;10
7677;10
7678;2
7679;10
7680;8
7681;1
7682;3
7683;4
7684;5
7685;8
7686;5
7687;9
7688;1
7689;8
7690;1
7691;7
7692;5
7693;6
7694;7
7695;6
7696;9
7697;8
7698;4
7699;5
7700;3
7701;8
7702;9
7703;1
7704;8
7705;5
7706;4
7707;5
7708;8
7709;3
7710;9
7711;4
7712;4
7713;10
7714;6
7715;10
7716;9
7717;7
7718;6
7719;5
7720;5
7721;4
7722;3
7723;8
7724;10
7725;9
7726;6
7727;6
7728;1
7729;6
7730;10
7731;5
7732;5
7733;3
7734;5
7735;7
7736;10
7737;7
7738;9
7739;3
7740;6
7741;3
7742;1
7743;2
7744;10
7745;8
7746;2
7747;4
7748;8
7749;9
7750;7
7751;9
7752;1
7753;6
7754;9
7755;10
7756;8
7757;1
7758;2
7759;8
7760;6
7761;7
7762;6
7763;7
7764;7
7765;7
7766;9
7767;8
7768;9
7769;4
7770;5
7771;7
7772;4
7773;9
7774;6
7775;1
7776;1
7777;10
7778;7
7779;4
7780;8
7781;7
7782;3
7783;7
7784;8
7785;8
7786;5
7787;4
7788;4
7789;7
7790;8
7791;2
7792;3
7793;7
7794;9
7795;5
7796;5
7797;4
7798;2
7799;3
7800;2
7801;2
7802;5
7803;3
7804;9
7805;4
7806;4
7807;4
7808;8
7809;4
7810;8
7811;1
7812;2
7813;5
7814;7
7815;1
7816;5
7817;6
7818;6
7819;1
7820;5
7821;6
7822;5
7823;3
7824;7
7825;4
7826;3
7827;10
7828;5
7829;7
7830;1
7831;8
7832;10
7833;10
7834;5
7835;9
7836;9
7837;3
7838;1
7839;1
7840;6
7841;3
7842;1
7843;9
7844;5
7845;3
7846;9
7847;5
7848;5
7849;8
7850;2
7851;10
7852;4
7853;1
7854;1
7855;3
7856;10
7857;6
7858;7
7859;10
7860;9
7861;1
7862;5
7863;8
7864;1
7865;8
7866;1
7867;4
7868;10
7869;8
7870;4
7871;7
7872;3
7873;10
7874;9
7875;8
7876;7
7877;7
7878;6
7879;6
7880;8
7881;7
7882;1
7883;6
7884;7
7885;9
7886;6
7887;2
7888;7
7889;10
7890;10
7891;4
7892;8
7893;6
7894;6
7895;2
7896;8
7897;3
7898;4
7899;10
7900;3
7901;7
7902;3
7903;9
7904;3
7905;2
7906;1
7907;3
7908;7
7909;7
7910;5
7911;7
7912;4
7913;5
7914;8
7915;2
7916;7
7917;10
7918;10
7919;2
7920;1
7921;3
7922;3
7923;9
7924;9
7925;6
7926;3
7927;10
7928;6
7929;2
7930;6
7931;8
7932;9
7933;1
7934;8
7935;9
7936;1
7937;9
7938;4
7939;3
7940;2
7941;8
7942;1
7943;7
7944;8
7945;7
7946;4
7947;8
7948;4
7949;10
7950;10
7951;4
7952;5
7953;5
7954;1
7955;10
7956;6
7957;1
7958;6
7959;6
7960;1
7961;5
7962;1
7963;3
7964;8
7965;5
7966;1
7967;8
7968;6
7969;1
7970;8
7971;5
7972;7
7973;6
7974;7
7975;9
7976;9
7977;8
7978;6
7979;3
7980;2
7981;9
7982;1
7983;9
7984;2
7985;8
7986;10
7987;6
7988;9
7989;4
7990;5
7991;4
7992;4
7993;4
7994;4
7995;9
7996;1
7997;9
7998;5
7999;4
8000;10
8001;9
8002;10
8003;9
8004;7
8005;10
8006;5
8007;7
8008;10
8009;10
8010;5
8011;4
8012;8
8013;2
8014;3
8015;9
8016;4
8017;8
8018;1
8019;8
8020;9
8021;2
8022;7
8023;9
8024;8
8025;8
8026;8
8027;6
8028;3
8029;5
8030;10
8031;8
8032;6
8033;8
8034;1
8035;3
8036;8
8037;5
8038;8
8039;10
8040;5
8041;4
8042;2
8043;3
8044;8
8045;2
8046;1
8047;7
8048;10
8049;5
8050;8
8051;4
8052;5
8053;10
8054;2
8055;9
8056;9
8057;3
8058;6
8059;6
8060;3
8061;7
8062;7
8063;8
8064;2
8065;8
8066;3
8067;5
8068;2
8069;4
8070;7
8071;10
8072;1
8073;10
8074;7
8075;7
8076;3
8077;1
8078;10
8079;1
8080;1
8081;1
8082;9
8083;2
8084;3
8085;6
8086;6
8087;7
8088;1
8089;3
8090;9
8091;10
8092;1
8093;8
8094;7
8095;4
8096;10
8097;9
8098;6
8099;5
8100;9
8101;10
8102;1
8103;3
8104;5
8105;4
8106;10
8107;2
8108;10
8109;8
8110;8
8111;2
8112;3
8113;1
8114;1
8115;3
8116;6
8117;2
8118;3
8119;8
8120;9
8121;7
8122;4
8123;5
8124;5
8125;4
8126;2
8127;10
8128;2
8129;2
8130;1
8131;10
8132;6
8133;5
8134;10
8135;3
8136;6
8137;4
8138;1
8139;3
8140;10
8141;8
8142;4
8143;2
8144;1
8145;10
8146;1
8147;3
8148;7
8149;9
8150;8
8151;10
8152;5
8153;6
8154;3
8155;3
8156;10
8157;3
8158;9
8159;8
8160;10
8161;10
8162;6
8163;8
8164;7
8165;3
8166;6
8167;9
8168;2
8169;3
8170;5
8171;7
8172;8
8173;7
8174;3
8175;9
8176;4
8177;1
8178;7
8179;4
8180;6
8181;4
8182;8
8183;5
8184;4
8185;1
8186;2
8187;1
8188;10
8189;10
8190;7
8191;8
8192;9
8193;3
8194;5
8195;3
8196;10
8197;7
8198;2
8199;5
8200;3
8201;5
8202;8
8203;8
8204;1
8205;4
8206;4
8207;7
8208;6
8209;8
8210;1
8211;1
8212;7
8213;6
8214;9
8215;9
8216;2
8217;10
8218;9
8219;10
8220;6
8221;10
8222;9
8223;6
8224;3
8225;6
8226;1
8227;6
8228;3
8229;7
8230;7
8231;6
8232;1
8233;7
8234;7
8235;1
8236;7
8237;3
8238;3
8239;4
8240;10
8241;3
8242;2
8243;3
8244;4
8245;6
8246;9
8247;10
8248;6
8249;6
8250;2
8251;6
8252;3
8253;3
8254;7
8255;7
8256;9
8257;7
8258;3
8259;5
8260;9
8261;4
8262;10
8263;1
8264;10
8265;10
8266;3
8267;1
8268;4
8269;8
8270;4
8271;6
8272;4
8273;5
8274;1
8275;5
8276;1
8277;1
8278;3
8279;9
8280;6
8281;1
8282;3
8283;7
8284;4
8285;5
8286;3
8287;4
8288;6
8289;7
8290;10
8291;2
8292;6
8293;8
8294;6
8295;7
8296;1
8297;4
8298;6
8299;2
8300;9
8301;9
8302;4
8303;3
8304;5
8305;1
8306;10
8307;7
8308;10
8309;2
8310;8
8311;3
8312;6
8313;7
8314;2
8315;10
8316;8
8317;9
8318;5
8319;3
8320;7
8321;9
8322;6
8323;5
8324;3
8325;5
8326;8
8327;7
8328;3
8329;7
8330;2
8331;7
8332;9
8333;5
8334;2
8335;4
8336;6
8337;5
8338;8
8339;3
8340;6
8341;1
8342;1
8343;5
8344;2
8345;5
8346;9
8347;10
8348;7
8349;9
8350;5
8351;7
8352;6
8353;2
8354;5
8355;8
8356;9
8357;3
8358;3
8359;5
8360;7
8361;9
8362;5
8363;4
8364;10
8365;4
8366;7
8367;3
8368;3
8369;8
8370;6
8371;9
8372;7
8373;6
8374;6
8375;5
8376;1
8377;9
8378;10
8379;4
8380;3
8381;4
8382;9
8383;3
8384;2
8385;2
8386;5
8387;9
8388;6
8389;8
8390;1
8391;10
8392;3
8393;4
8394;8
8395;1
8396;6
8397;3
8398;10
8399;9
8400;1
8401;1
8402;1
8403;3
8404;6
8405;2
8406;1
8407;8
8408;1
8409;8
8410;1
8411;9
8412;6
8413;6
8414;5
8415;9
8416;1
8417;9
8418;2
8419;1
8420;3
8421;2
8422;4
8423;2
8424;7
8425;1
8426;1
8427;8
8428;2
8429;2
8430;6
8431;9
8432;8
8433;1
8434;8
8435;8
8436;4
8437;1
8438;9
8439;3
8440;6
8441;5
8442;2
8443;8
8444;7
8445;2
8446;4
8447;3
8448;3
8449;1
8450;7
8451;8
8452;7
8453;9
8454;3
8455;10
8456;5
8457;1
8458;1
8459;3
8460;10
8461;8
8462;8
8463;9
8464;3
8465;1
8466;10
8467;2
8468;1
8469;8
8470;6
8471;4
8472;4
8473;2
8474;6
8475;6
8476;2
8477;8
8478;3
8479;2
8480;4
8481;1
8482;10
8483;5
8484;10
8485;10
8486;8
8487;6
8488;8
8489;3
8490;1
8491;8
8492;9
8493;10
8494;3
8495;6
8496;10
8497;2
8498;3
8499;5
8500;1
8501;10
8502;5
8503;4
8504;6
8505;7
8506;2
8507;6
8508;7
8509;1
8510;9
8511;10
8512;2
8513;9
8514;2
8515;8
8516;1
8517;5
8518;8
8519;10
8520;10
8521;1
8522;1
8523;6
8524;6
8525;3
8526;8
8527;7
8528;5
8529;9
8530;10
8531;2
8532;9
8533;9
8534;6
8535;10
8536;4
8537;3
8538;4
8539;10
8540;10
8541;9
8542;5
8543;7
8544;4
8545;8
8546;5
8547;5
8548;1
8549;3
8550;5
8551;5
8552;4
8553;6
8554;2
8555;4
8556;9
8557;10
8558;5
8559;1
8560;7
8561;3
8562;3
8563;9
8564;2
8565;10
8566;9
8567;1
8568;3
8569;9
8570;8
8571;6
8572;5
8573;8
8574;7
8575;3
8576;7
8577;3
8578;8
8579;4
8580;2
8581;5
8582;7
8583;9
8584;8
8585;3
8586;1
8587;2
8588;9
8589;5
8590;3
8591;6
8592;4
8593;7
8594;6
8595;5
8596;10
8597;9
8598;5
8599;9
8600;5
8601;8
8602;10
8603;7
8604;3
8605;3
8606;3
8607;7
8608;8
8609;6
8610;6
8611;6
8612;2
8613;2
8614;9
8615;1
8616;8
8617;3
8618;5
8619;5
8620;8
8621;6
8622;7
8623;7
8624;4
8625;9
8626;8
8627;3
8628;3
8629;9
8630;2
8631;7
8632;10
8633;6
8634;1
8635;4
8636;9
8637;6
8638;2
8639;4
8640;9
8641;8
8642;7
8643;10
8644;5
8645;10
8646;8
8647;9
8648;8
8649;9
8650;7
8651;9
8652;1
8653;7
8654;6
8655;9
8656;1
8657;9
8658;4
8659;1
8660;8
8661;4
8662;5
8663;4
8664;3
8665;1
8666;7
8667;9
8668;6
8669;10
8670;7
8671;9
8672;8
8673;4
8674;8
8675;3
8676;4
8677;2
8678;6
8679;7
8680;5
8681;10
8682;8
8683;6
8684;2
8685;8
8686;5
8687;9
8688;5
8689;8
8690;2
8691;6
8692;10
8693;10
8694;10
8695;7
8696;2
8697;10
8698;7
8699;3
8700;3
8701;10
8702;4
8703;1
8704;10
8705;2
8706;10
8707;3
8708;4
8709;4
8710;4
8711;8
8712;2
8713;6
8714;5
8715;3
8716;7
8717;3
8718;3
8719;9
8720;2
8721;8
8722;8
8723;10
8724;7
8725;5
8726;6
8727;6
8728;6
8729;7
8730;1
8731;1
8732;10
8733;2
8734;8
8735;3
8736;6
8737;8
8738;9
8739;9
8740;4
8741;7
8742;2
8743;8
8744;10
8745;9
8746;2
8747;2
8748;10
8749;3
8750;10
8751;10
8752;5
8753;6
8754;4
8755;9
8756;8
8757;7
8758;10
8759;5
8760;7
8761;5
8762;3
8763;2
8764;2
8765;5
8766;10
8767;3
8768;2
8769;8
8770;8
8771;7
8772;8
8773;3
8774;7
8775;5
8776;10
8777;2
8778;3
8779;8
8780;8
8781;7
8782;4
8783;1
8784;9
8785;7
8786;9
8787;8
8788;4
8789;7
8790;9
8791;2
8792;6
8793;5
8794;9
8795;2
8796;3
8797;7
8798;5
8799;6
8800;7
8801;5
8802;7
8803;4
8804;3
8805;2
8806;4
8807;5
8808;3
8809;9
8810;9
8811;4
8812;2
8813;2
8814;7
8815;5
8816;7
8817;4
8818;4
8819;5
8820;8
8821;3
8822;7
8823;1
8824;1
8825;5
8826;7
8827;7
8828;6
8829;6
8830;6
8831;1
8832;3
8833;7
8834;5
8835;3
8836;3
8837;9
8838;4
8839;8
8840;1
8841;7
8842;2
8843;4
8844;8
8845;2
8846;4
8847;6
8848;5
8849;8
8850;8
8851;5
8852;3
8853;9
8854;3
8855;4
8856;7
8857;2
8858;6
8859;5
8860;10
8861;6
8862;4
8863;1
8864;10
8865;10
8866;9
8867;1
8868;2
8869;9
8870;6
8871;1
8872;6
8873;10
8874;7
8875;9
8876;1
8877;3
8878;3
8879;4
8880;2
8881;3
8882;8
8883;5
8884;9
8885;5
8886;7
8887;1
8888;6
8889;9
8890;2
8891;1
8892;10
8893;1
8894;10
8895;2
8896;7
8897;5
8898;5
8899;6
8900;8
8901;6
8902;9
8903;9
8904;6
8905;10
8906;10
8907;2
8908;9
8909;6
8910;8
8911;6
8912;10
8913;2
8914;5
8915;5
8916;6
8917;1
8918;7
8919;5
8920;9
8921;6
8922;4
8923;7
8924;9
8925;5
8926;10
8927;3
8928;8
8929;9
8930;3
8931;2
8932;8
8933;2
8934;10
8935;8
8936;3
8937;7
8938;6
8939;7
8940;6
8941;7
8942;5
8943;7
8944;6
8945;7
8946;9
8947;7
8948;9
8949;5
8950;2
8951;9
8952;6
8953;5
8954;7
8955;2
8956;6
8957;1
8958;4
8959;7
8960;5
8961;6
8962;6
8963;8
8964;3
8965;9
8966;3
8967;10
8968;4
8969;8
8970;5
8971;9
8972;5
8973;4
8974;3
8975;7
8976;2
8977;10
8978;7
8979;9
8980;7
8981;2
8982;7
8983;6
8984;3
8985;5
8986;7
8987;5
8988;6
8989;3
8990;6
8991;1
8992;8
8993;8
8994;1
8995;6
8996;10
8997;10
8998;4
8999;5
9000;3
9001;3
9002;9
9003;4
9004;2
9005;6
9006;1
9007;5
9008;4
9009;4
9010;2
9011;1
9012;4
9013;5
9014;10
9015;6
9016;3
9017;7
9018;5
9019;1
9020;8
9021;3
9022;2
9023;1
9024;2
9025;3
9026;8
9027;3
9028;8
9029;3
9030;10
9031;3
9032;9
9033;5
9034;1
9035;5
9036;6
9037;1
9038;8
9039;1
9040;9
9041;6
9042;5
9043;6
9044;10
9045;9
9046;3
9047;9
9048;6
9049;4
9050;1
9051;10
9052;2
9053;9
9054;5
9055;1
9056;3
9057;10
9058;4
9059;2
9060;4
9061;6
9062;10
9063;2
9064;5
9065;9
9066;9
9067;7
9068;2
9069;9
9070;3
9071;7
9072;2
9073;4
9074;6
9075;6
9076;5
9077;9
9078;10
9079;7
9080;9
9081;3
9082;7
9083;2
9084;3
9085;2
9086;4
9087;2
9088;7
9089;4
9090;4
9091;2
9092;1
9093;6
9094;3
9095;2
9096;1
9097;5
9098;8
9099;4
9100;10
9101;2
9102;7
9103;5
9104;10
9105;3
9106;10
9107;6
9108;6
9109;10
9110;1
9111;6
9112;7
9113;5
9114;10
9115;5
9116;6
9117;2
9118;9
9119;2
9120;4
9121;8
9122;6
9123;7
9124;6
9125;1
9126;10
9127;8
9128;1
9129;6
9130;6
9131;9
9132;1
9133;8
9134;6
9135;4
9136;2
9137;9
9138;9
9139;2
9140;8
9141;3
9142;5
9143;8
9144;7
9145;7
9146;4
9147;9
9148;2
9149;5
9150;3
9151;4
9152;10
9153;10
9154;7
9155;2
9156;4
9157;8
9158;1
9159;4
9160;3
9161;7
9162;10
9163;3
9164;5
9165;6
9166;1
9167;6
9168;10
9169;4
9170;8
9171;1
9172;3
9173;6
9174;1
9175;2
9176;4
9177;1
9178;5
9179;5
9180;4
9181;5
9182;5
9183;5
9184;4
9185;2
9186;5
9187;1
9188;6
9189;1
9190;4
9191;7
9192;6
9193;2
9194;3
9195;8
9196;6
9197;7
9198;9
9199;4
9200;6
9201;2
9202;7
9203;5
9204;5
9205;9
9206;4
9207;2
9208;5
9209;9
9210;9
9211;8
9212;5
9213;8
9214;9
9215;10
9216;9
9217;8
9218;7
9219;1
9220;3
9221;1
9222;8
9223;2
9224;3
9225;5
9226;7
9227;10
9228;10
9229;3
9230;7
9231;4
9232;6
9233;2
9234;9
9235;1
9236;2
9237;8
9238;8
9239;4
9240;8
9241;9
9242;7
9243;10
9244;10
9245;2
9246;9
9247;3
9248;1
9249;6
9250;5
9251;8
9252;3
9253;9
9254;2
9255;1
9256;2
9257;5
9258;8
9259;9
9260;1
9261;6
9262;6
9263;5
9264;3
9265;1
9266;1
9267;9
9268;10
9269;6
9270;2
9271;5
9272;5
9273;5
9274;10
9275;10
9276;8
9277;4
9278;9
9279;8
9280;3
9281;10
9282;5
9283;4
9284;9
9285;8
9286;7
9287;6
9288;1
9289;2
9290;2
9291;8
9292;2
9293;2
9294;7
9295;4
9296;5
9297;6
9298;4
9299;7
9300;3
9301;4
9302;5
9303;2
9304;7
9305;5
9306;1
9307;7
9308;4
9309;8
9310;8
9311;2
9312;5
9313;5
9314;8
9315;4
9316;7
9317;3
9318;10
9319;3
9320;5
9321;10
9322;4
9323;6
9324;2
9325;1
9326;9
9327;7
9328;4
9329;6
9330;3
9331;4
9332;3
9333;10
9334;9
9335;5
9336;1
9337;10
9338;9
9339;10
9340;8
9341;7
9342;6
9343;1
9344;4
9345;2
9346;9
9347;8
9348;1
9349;10
9350;4
9351;4
9352;1
9353;5
9354;8
9355;6
9356;3
9357;4
9358;1
9359;1
9360;4
9361;7
9362;10
9363;2
9364;10
9365;2
9366;2
9367;5
9368;6
9369;8
9370;5
9371;6
9372;4
9373;5
9374;8
9375;10
9376;6
9377;6
9378;4
9379;8
9380;8
9381;9
9382;7
9383;5
9384;2
9385;3
9386;1
9387;6
9388;4
9389;6
9390;8
9391;3
9392;4
9393;7
9394;8
9395;4
9396;5
9397;2
9398;2
9399;7
9400;5
9401;1
9402;1
9403;5
9404;3
9405;10
9406;8
9407;7
9408;3
9409;7
9410;7
9411;3
9412;10
9413;5
9414;3
9415;7
9416;2
9417;9
9418;7
9419;8
9420;2
9421;9
9422;6
9423;10
9424;7
9425;7
9426;6
9427;5
9428;7
9429;3
9430;9
9431;1
9432;3
9433;10
9434;6
9435;9
9436;6
9437;10
9438;9
9439;7
9440;8
9441;10
9442;7
9443;1
9444;9
9445;2
9446;8
9447;4
9448;5
9449;1
9450;6
9451;1
9452;10
9453;5
9454;7
9455;10
9456;7
9457;6
9458;9
9459;5
9460;2
9461;10
9462;10
9463;4
9464;6
9465;7
9466;5
9467;10
9468;6
9469;7
9470;3
9471;3
9472;7
9473;3
9474;10
9475;5
9476;6
9477;6
9478;9
9479;6
9480;5
9481;10
9482;4
9483;5
9484;1
9485;1
9486;7
9487;7
9488;10
9489;4
9490;4
9491;2
9492;4
9493;4
9494;10
9495;5
9496;5
9497;10
9498;1
9499;7
9500;8
9501;9
9502;9
9503;9
9504;2
9505;2
9506;3
9507;6
9508;1
9509;4
9510;2
9511;2
9512;2
9513;4
9514;6
9515;10
9516;9
9517;1
9518;7
9519;8
9520;9
9521;9
9522;6
9523;8
9524;8
9525;7
9526;2
9527;9
9528;2
9529;8
9530;6
9531;10
9532;6
9533;3
9534;6
9535;4
9536;1
9537;7
9538;3
9539;3
9540;1
9541;7
9542;6
9543;2
9544;5
9545;4
9546;6
9547;3
9548;1
9549;10
9550;8
9551;8
9552;9
9553;2
9554;3
9555;8
9556;2
9557;9
9558;9
9559;2
9560;3
9561;5
9562;5
9563;3
9564;5
9565;8
9566;6
9567;1
9568;5
9569;7
9570;10
9571;7
9572;6
9573;8
9574;7
9575;5
9576;5
9577;7
9578;4
9579;8
9580;3
9581;3
9582;10
9583;5
9584;2
9585;6
9586;1
9587;4
9588;1
9589;6
9590;9
9591;8
9592;9
9593;7
9594;3
9595;10
9596;4
9597;3
9598;10
9599;3
9600;8
9601;6
9602;10
9603;4
9604;3
9605;5
9606;1
9607;4
9608;8
9609;1
9610;3
9611;3
9612;2
9613;3
9614;6
9615;8
9616;3
9617;2
9618;4
9619;3
9620;1
9621;3
9622;3
9623;9
9624;5
9625;2
9626;2
9627;1
9628;2
9629;7
9630;8
9631;8
9632;6
9633;10
9634;7
9635;8
9636;9
9637;3
9638;3
9639;8
9640;6
9641;10
9642;1
9643;8
9644;7
9645;2
9646;8
9647;9
9648;5
9649;10
9650;7
9651;7
9652;5
9653;4
9654;9
9655;5
9656;1
9657;1
9658;2
9659;10
9660;6
9661;2
9662;7
9663;1
9664;10
9665;3
9666;2
9667;3
9668;1
9669;5
9670;1
9671;4
9672;1
9673;8
9674;2
9675;7
9676;2
9677;1
9678;2
9679;5
9680;6
9681;8
9682;6
9683;9
9684;4
9685;2
9686;7
9687;10
9688;7
9689;9
9690;2
9691;7
9692;6
9693;10
9694;5
9695;2
9696;6
9697;4
9698;2
9699;2
9700;4
9701;7
9702;4
9703;10
9704;3
9705;7
9706;1
9707;5
9708;6
9709;7
9710;6
9711;5
9712;9
9713;4
9714;5
9715;10
9716;1
9717;1
9718;5
9719;1
9720;9
9721;2
9722;5
9723;10
9724;9
9725;4
9726;3
9727;10
9728;5
9729;4
9730;7
9731;9
9732;7
9733;2
9734;8
9735;10
9736;6
9737;4
9738;8
9739;3
9740;5
9741;7
9742;6
9743;5
9744;5
9745;10
9746;8
9747;5
9748;2
9749;3
9750;4
9751;8
9752;6
9753;9
9754;5
9755;3
9756;5
9757;3
9758;3
9759;8
9760;1
9761;2
9762;6
9763;2
9764;4
9765;4
9766;3
9767;1
9768;5
9769;1
9770;5
9771;3
9772;4
9773;7
9774;9
9775;4
9776;9
9777;3
9778;8
9779;3
9780;2
9781;1
9782;3
9783;1
9784;2
9785;4
9786;1
9787;4
9788;2
9789;1
9790;2
9791;5
9792;2
9793;4
9794;7
9795;3
9796;1
9797;3
9798;8
9799;1
9800;2
9801;1
9802;8
9803;1
9804;4
9805;7
9806;10
9807;5
9808;7
9809;1
9810;9
9811;6
9812;2
9813;10
9814;8
9815;4
9816;7
9817;7
9818;3
9819;7
9820;1
9821;7
9822;2
9823;1
9824;1
9825;6
9826;5
9827;10
9828;1
9829;10
9830;9
9831;10
9832;10
9833;8
9834;9
9835;4
9836;5
9837;7
9838;7
9839;9
9840;3
9841;2
9842;7
9843;5
9844;5
9845;5
9846;3
9847;9
9848;9
9849;3
9850;4
9851;9
9852;3
9853;4
9854;2
9855;6
9856;3
9857;1
9858;1
9859;6
9860;3
9861;4
9862;5
9863;6
9864;7
9865;2
9866;9
9867;9
9868;6
9869;3
9870;10
9871;9
9872;1
9873;9
9874;7
9875;8
9876;9
9877;5
9878;4
9879;10
9880;9
9881;4
9882;9
9883;2
9884;5
9885;2
9886;5
9887;1
9888;7
9889;7
9890;2
9891;2
9892;4
9893;3
9894;2
9895;8
9896;3
9897;8
9898;4
9899;2
9900;8
9901;1
9902;9
9903;5
9904;2
9905;3
9906;10
9907;9
9908;7
9909;1
9910;3
9911;8
9912;10
9913;6
9914;5
9915;5
9916;6
9917;8
9918;1
9919;8
9920;3
9921;3
9922;6
9923;9
9924;2
9925;8
9926;4
9927;4
9928;4
9929;6
9930;2
9931;4
9932;2
9933;7
9934;5
9935;6
9936;7
9937;5
9938;5
9939;1
9940;8
9941;5
9942;3
9943;7
9944;5
9945;1
9946;4
9947;3
9948;8
9949;8
9950;10
9951;7
9952;5
9953;3
9954;6
9955;8
9956;6
9957;1
9958;6
9959;10
9960;10
9961;1
9962;4
9963;5
9964;7
9965;2
9966;10
9967;9
9968;7
9969;9
9970;10
9971;8
9972;6
9973;5
9974;1
9975;7
9976;3
9977;7
9978;4
9979;3
9980;6
9981;9
9982;10
9983;10
9984;3
9985;4
9986;2
9987;4
9988;5
9989;4
9990;4
9991;4
9992;2
9993;6
9994;2
9995;1
9996;7
9997;10
9998;10
9999;3
